Plate	well_id	sample	year	season	habitat	population	phenotyped	exp_depth	fastq_prefix
1X_P1	A01	18SBaX_R5P6X0	2018	Spring	Basin	Basin	FALSE	1	1X-P1-A1
1X_P1	A02	16SBaX_000055	2016	Spring	Basin	Basin	FALSE	1	1X-P1-A2
1X_P1	A03	16FP3X_000048	2016	Fall	Pond	Pond_3	FALSE	1	1X-P1-A3
1X_P1	A04	16SP1X_000057	2016	Spring	Pond	Pond_1	FALSE	1	1X-P1-A4
1X_P1	A05	18SBaX_000065	2018	Spring	Basin	Basin	FALSE	1	1X-P1-A5
1X_P1	A06	16SP2X_000059	2016	Spring	Pond	Pond_2	FALSE	1	1X-P1-A6
1X_P1	A07	18SBaX_000012	2018	Spring	Basin	Basin	FALSE	1	1X-P1-A7
1X_P1	A08	16SBaX_000059	2016	Spring	Basin	Basin	FALSE	1	1X-P1-A8
1X_P1	A09	18SBaX_000043	2018	Spring	Basin	Basin	FALSE	1	1X-P1-A9
1X_P1	A10	16FP1X_000046	2016	Fall	Pond	Pond_1	FALSE	1	1X-P1-A10
1X_P1	A11	16SP1X_000055	2016	Spring	Pond	Pond_1	FALSE	1	1X-P1-A11
1X_P1	A12	18SBaX_R5R7X0	2018	Spring	Basin	Basin	FALSE	1	1X-P1-A12
1X_P1	B01	16SP1X_000058	2016	Spring	Pond	Pond_1	FALSE	1	1X-P1-B1
1X_P1	B02	18FBaX_G1R2G6	2018	Fall	Basin	Basin	FALSE	1	1X-P1-B2
1X_P1	B03	16SP2X_000060	2016	Spring	Pond	Pond_2	FALSE	1	1X-P1-B3
1X_P1	B04	18SP4X_000003	2018	Spring	Pond	Pond_4	FALSE	1	1X-P1-B4
1X_P1	B05	16SBaX_000060	2016	Spring	Basin	Basin	FALSE	1	1X-P1-B5
1X_P1	B06	16FP2X_000047	2016	Fall	Pond	Pond_2	FALSE	1	1X-P1-B6
1X_P1	B07	16SP1X_000059	2016	Spring	Pond	Pond_1	FALSE	1	1X-P1-B7
1X_P1	B08	18SP3X_000013	2018	Spring	Pond	Pond_3	FALSE	1	1X-P1-B8
1X_P1	B09	16SP3X_000060	2016	Spring	Pond	Pond_3	FALSE	1	1X-P1-B9
1X_P1	B10	16FP3X_000045	2016	Fall	Pond	Pond_3	FALSE	1	1X-P1-B10
1X_P1	B11	18FBaX_R1G2O6	2018	Fall	Basin	Basin	FALSE	1	1X-P1-B11
1X_P1	B12	16FP3X_000049	2016	Fall	Pond	Pond_3	FALSE	1	1X-P1-B12
1X_P1	C01	18SP3X_R3P5X0	2018	Spring	Pond	Pond_3	FALSE	1	1X-P1-C1
1X_P1	C02	16SP2X_000056	2016	Spring	Pond	Pond_2	FALSE	1	1X-P1-C2
1X_P1	C03	16FP2X_000045	2016	Fall	Pond	Pond_2	FALSE	1	1X-P1-C3
1X_P1	C04	16FBaX_000044	2016	Fall	Basin	Basin	FALSE	1	1X-P1-C4
1X_P1	C05	18SBaX_G2O3X0	2018	Spring	Basin	Basin	FALSE	1	1X-P1-C5
1X_P1	C06	18SP3X_000028	2018	Spring	Pond	Pond_3	FALSE	1	1X-P1-C6
1X_P1	C07	18FBaX_P1O3O6	2018	Fall	Basin	Basin	FALSE	1	1X-P1-C7
1X_P1	C08	16FP3X_000050	2016	Fall	Pond	Pond_3	FALSE	1	1X-P1-C8
1X_P1	C09	18SP4X_000025	2018	Spring	Pond	Pond_4	FALSE	1	1X-P1-C9
1X_P1	C10	18SP3X_G1O5X0	2018	Spring	Pond	Pond_3	FALSE	1	1X-P1-C10
1X_P1	C11	16FBaX_000043	2016	Fall	Basin	Basin	FALSE	1	1X-P1-C11
1X_P1	C12	16SP3X_000058	2016	Spring	Pond	Pond_3	FALSE	1	1X-P1-C12
1X_P1	D01	16SP3X_000054	2016	Spring	Pond	Pond_3	FALSE	1	1X-P1-D1
1X_P1	D02	18SBaX_O3P4X0	2018	Spring	Basin	Basin	FALSE	1	1X-P1-D2
1X_P1	D03	16FP1X_000047	2016	Fall	Pond	Pond_1	FALSE	1	1X-P1-D3
1X_P1	D04	18SP3X_O2R5X0	2018	Spring	Pond	Pond_3	FALSE	1	1X-P1-D4
1X_P1	D05	16SBaX_000057	2016	Spring	Basin	Basin	FALSE	1	1X-P1-D5
1X_P1	D06	18SP1X_000045	2018	Spring	Pond	Pond_1	FALSE	1	1X-P1-D6
1X_P1	D07	16SP2X_000058	2016	Spring	Pond	Pond_2	FALSE	1	1X-P1-D7
1X_P1	D08	16FP2X_000050	2016	Fall	Pond	Pond_2	FALSE	1	1X-P1-D8
1X_P1	D09	18SP1X_000018	2018	Spring	Pond	Pond_1	FALSE	1	1X-P1-D9
1X_P1	D10	16SP2X_000055	2016	Spring	Pond	Pond_2	FALSE	1	1X-P1-D10
1X_P1	D11	16FP2X_000046	2016	Fall	Pond	Pond_2	FALSE	1	1X-P1-D11
1X_P1	D12	18FP1X_G3P4G6	2018	Fall	Pond	Pond_1	FALSE	1	1X-P1-D12
1X_P1	E01	18FP4X_O3G4R5	2018	Fall	Pond	Pond_4	FALSE	1	1X-P1-E1
1X_P1	E02	16SBaX_000054	2016	Spring	Basin	Basin	FALSE	1	1X-P1-E2
1X_P1	E03	18FBaX_O1R2O3	2018	Fall	Basin	Basin	FALSE	1	1X-P1-E3
1X_P1	E04	16SP3X_000057	2016	Spring	Pond	Pond_3	FALSE	1	1X-P1-E4
1X_P1	E05	18FP1X_O2P4O5	2018	Fall	Pond	Pond_1	FALSE	1	1X-P1-E5
1X_P1	E06	18SP3X_000032	2018	Spring	Pond	Pond_3	FALSE	1	1X-P1-E6
1X_P1	E07	18SBaX_000030	2018	Spring	Basin	Basin	FALSE	1	1X-P1-E7
1X_P1	E08	18SBaX_000077	2018	Spring	Basin	Basin	FALSE	1	1X-P1-E8
1X_P1	E09	16FBaX_000040	2016	Fall	Basin	Basin	FALSE	1	1X-P1-E9
1X_P1	E10	18SBaX_000072	2018	Spring	Basin	Basin	FALSE	1	1X-P1-E10
1X_P1	E11	18SP3X_O5R7X0	2018	Spring	Pond	Pond_3	FALSE	1	1X-P1-E11
1X_P1	E12	16SP1X_000060	2016	Spring	Pond	Pond_1	FALSE	1	1X-P1-E12
1X_P1	F01	16FP2X_000048	2016	Fall	Pond	Pond_2	FALSE	1	1X-P1-F1
1X_P1	F02	16FP3X_000046	2016	Fall	Pond	Pond_3	FALSE	1	1X-P1-F2
1X_P1	F03	16SP3X_000059	2016	Spring	Pond	Pond_3	FALSE	1	1X-P1-F3
1X_P1	F04	18SBaX_P2P5X0	2018	Spring	Basin	Basin	FALSE	1	1X-P1-F4
1X_P1	F05	18SP1X_G1R7X0	2018	Spring	Pond	Pond_1	FALSE	1	1X-P1-F5
1X_P1	F06	16SBaX_000056	2016	Spring	Basin	Basin	FALSE	1	1X-P1-F6
1X_P1	F07	16FP1X_000049	2016	Fall	Pond	Pond_1	FALSE	1	1X-P1-F7
1X_P1	F08	16SP2X_000057	2016	Spring	Pond	Pond_2	FALSE	1	1X-P1-F8
1X_P1	F09	18FBaX_G4P5P6	2018	Fall	Basin	Basin	FALSE	1	1X-P1-F9
1X_P1	F10	16SP1X_000054	2016	Spring	Pond	Pond_1	FALSE	1	1X-P1-F10
1X_P1	F11	16FP1X_000045	2016	Fall	Pond	Pond_1	FALSE	1	1X-P1-F11
1X_P1	F12	18SBaX_000094	2018	Spring	Basin	Basin	FALSE	1	1X-P1-F12
1X_P1	G01	16FP1X_000050	2016	Fall	Pond	Pond_1	FALSE	1	1X-P1-G1
1X_P1	G02	18SP4X_000023	2018	Spring	Pond	Pond_4	FALSE	1	1X-P1-G2
1X_P1	G03	16FP3X_000047	2016	Fall	Pond	Pond_3	FALSE	1	1X-P1-G3
1X_P1	G04	16SBaX_000058	2016	Spring	Basin	Basin	FALSE	1	1X-P1-G4
1X_P1	G05	16FBaX_000041	2016	Fall	Basin	Basin	FALSE	1	1X-P1-G5
1X_P1	G06	18SP4X_000010	2018	Spring	Pond	Pond_4	FALSE	1	1X-P1-G6
1X_P1	G07	18SBaX_000017	2018	Spring	Basin	Basin	FALSE	1	1X-P1-G7
1X_P1	G08	18SP1X_G1P2X0	2018	Spring	Pond	Pond_1	FALSE	1	1X-P1-G8
1X_P1	G09	16FBaX_000045	2016	Fall	Basin	Basin	FALSE	1	1X-P1-G9
1X_P1	G10	18SP1X_000034	2018	Spring	Pond	Pond_1	FALSE	1	1X-P1-G10
1X_P1	G11	18SP4X_000026	2018	Spring	Pond	Pond_4	FALSE	1	1X-P1-G11
1X_P1	G12	16SP2X_000054	2016	Spring	Pond	Pond_2	FALSE	1	1X-P1-G12
1X_P1	H01	18SBaX_P2G7X0	2018	Spring	Basin	Basin	FALSE	1	1X-P1-H1
1X_P1	H02	16SP1X_000056	2016	Spring	Pond	Pond_1	FALSE	1	1X-P1-H2
1X_P1	H03	18SP1X_000030	2018	Spring	Pond	Pond_1	FALSE	1	1X-P1-H3
1X_P1	H04	18FP3X_P2G3R6	2018	Fall	Pond	Pond_3	FALSE	1	1X-P1-H4
1X_P1	H05	16FBaX_000042	2016	Fall	Basin	Basin	FALSE	1	1X-P1-H5
1X_P1	H06	18SBaX_R3O4X0	2018	Spring	Basin	Basin	FALSE	1	1X-P1-H6
1X_P1	H07	16FP2X_000049	2016	Fall	Pond	Pond_2	FALSE	1	1X-P1-H7
1X_P1	H08	16SP3X_000056	2016	Spring	Pond	Pond_3	FALSE	1	1X-P1-H8
1X_P1	H09	18SBaX_P2G5X0	2018	Spring	Basin	Basin	FALSE	1	1X-P1-H9
1X_P1	H10	16SP3X_000055	2016	Spring	Pond	Pond_3	FALSE	1	1X-P1-H10
1X_P1	H11	18SP1X_000040	2018	Spring	Pond	Pond_1	FALSE	1	1X-P1-H11
1X_P1	H12	16FP1X_000048	2016	Fall	Pond	Pond_1	FALSE	1	1X-P1-H12
1X_P2	A01	16SBaX_000008	2016	Spring	Basin	Basin	FALSE	1	1X-P2-A1
1X_P2	A02	16SP3X_000024	2016	Spring	Pond	Pond_3	FALSE	1	1X-P2-A2
1X_P2	A03	18SBaX_000093	2018	Spring	Basin	Basin	FALSE	1	1X-P2-A3
1X_P2	A04	16FBaX_000029	2016	Fall	Basin	Basin	FALSE	1	1X-P2-A4
1X_P2	A05	16FP2X_000027	2016	Fall	Pond	Pond_2	FALSE	1	1X-P2-A5
1X_P2	A06	18SP1X_G1R5X0	2018	Spring	Pond	Pond_1	FALSE	1	1X-P2-A6
1X_P2	A07	16FP1X_000013	2016	Fall	Pond	Pond_1	FALSE	1	1X-P2-A7
1X_P2	A08	16SBaX_000002	2016	Spring	Basin	Basin	FALSE	1	1X-P2-A8
1X_P2	A09	18SBaX_P3G7X0	2018	Spring	Basin	Basin	FALSE	1	1X-P2-A9
1X_P2	A10	16SP2X_000022	2016	Spring	Pond	Pond_2	FALSE	1	1X-P2-A10
1X_P2	A11	18SP4X_000034	2018	Spring	Pond	Pond_4	FALSE	1	1X-P2-A11
1X_P2	A12	16SP1X_000048	2016	Spring	Pond	Pond_1	FALSE	1	1X-P2-A12
1X_P2	B01	18SBaX_R1G5X0	2018	Spring	Basin	Basin	FALSE	1	1X-P2-B1
1X_P2	B02	18SP1X_G2G5X0	2018	Spring	Pond	Pond_1	FALSE	1	1X-P2-B2
1X_P2	B03	16SP1X_000025	2016	Spring	Pond	Pond_1	FALSE	1	1X-P2-B3
1X_P2	B04	16FP3X_000019	2016	Fall	Pond	Pond_3	FALSE	1	1X-P2-B4
1X_P2	B05	18SP3X_P2R4X0	2018	Spring	Pond	Pond_3	FALSE	1	1X-P2-B5
1X_P2	B06	16SP3X_000004	2016	Spring	Pond	Pond_3	FALSE	1	1X-P2-B6
1X_P2	B07	18SBaX_000036	2018	Spring	Basin	Basin	FALSE	1	1X-P2-B7
1X_P2	B08	16FP3X_000002	2016	Fall	Pond	Pond_3	FALSE	1	1X-P2-B8
1X_P2	B09	18SP4X_000019	2018	Spring	Pond	Pond_4	FALSE	1	1X-P2-B9
1X_P2	B10	16SBaX_000026	2016	Spring	Basin	Basin	FALSE	1	1X-P2-B10
1X_P2	B11	18SBaX_000091	2018	Spring	Basin	Basin	FALSE	1	1X-P2-B11
1X_P2	B12	18SP1X_R2O3X0	2018	Spring	Pond	Pond_1	FALSE	1	1X-P2-B12
1X_P2	C01	16SP3X_000017	2016	Spring	Pond	Pond_3	FALSE	1	1X-P2-C1
1X_P2	C02	16FP1X_000019	2016	Fall	Pond	Pond_1	FALSE	1	1X-P2-C2
1X_P2	C03	18SP4X_000012	2018	Spring	Pond	Pond_4	FALSE	1	1X-P2-C3
1X_P2	C04	18SBaX_P5R7X0	2018	Spring	Basin	Basin	FALSE	1	1X-P2-C4
1X_P2	C05	18FBaX_O1R2R6	2018	Fall	Basin	Basin	FALSE	1	1X-P2-C5
1X_P2	C06	16SP1X_000011	2016	Spring	Pond	Pond_1	FALSE	1	1X-P2-C6
1X_P2	C07	16FBaX_000007	2016	Fall	Basin	Basin	FALSE	1	1X-P2-C7
1X_P2	C08	18FBaX_O3G4P6	2018	Fall	Basin	Basin	FALSE	1	1X-P2-C8
1X_P2	C09	18SP1X_000004	2018	Spring	Pond	Pond_1	FALSE	1	1X-P2-C9
1X_P2	C10	18SBaX_P1O2X0	2018	Spring	Basin	Basin	FALSE	1	1X-P2-C10
1X_P2	C11	16SP2X_000044	2016	Spring	Pond	Pond_2	FALSE	1	1X-P2-C11
1X_P2	C12	16SP1X_000031	2016	Spring	Pond	Pond_1	FALSE	1	1X-P2-C12
1X_P2	D01	18SBaX_000033	2018	Spring	Basin	Basin	FALSE	1	1X-P2-D1
1X_P2	D02	16SP2X_000028	2016	Spring	Pond	Pond_2	FALSE	1	1X-P2-D2
1X_P2	D03	18SP3X_000003	2018	Spring	Pond	Pond_3	FALSE	1	1X-P2-D3
1X_P2	D04	16SBaX_000041	2016	Spring	Basin	Basin	FALSE	1	1X-P2-D4
1X_P2	D05	16FP3X_000023	2016	Fall	Pond	Pond_3	FALSE	1	1X-P2-D5
1X_P2	D06	18FP1X_R3P4R5	2018	Fall	Pond	Pond_1	FALSE	1	1X-P2-D6
1X_P2	D07	18SP3X_000017	2018	Spring	Pond	Pond_3	FALSE	1	1X-P2-D7
1X_P2	D08	16FP1X_000028	2016	Fall	Pond	Pond_1	FALSE	1	1X-P2-D8
1X_P2	D09	16FP2X_000012	2016	Fall	Pond	Pond_2	FALSE	1	1X-P2-D9
1X_P2	D10	18SP4X_000009	2018	Spring	Pond	Pond_4	FALSE	1	1X-P2-D10
1X_P2	D11	18SBaX_G1G7X0	2018	Spring	Basin	Basin	FALSE	1	1X-P2-D11
1X_P2	D12	18SP3X_000023	2018	Spring	Pond	Pond_3	FALSE	1	1X-P2-D12
1X_P2	E01	16FP2X_000039	2016	Fall	Pond	Pond_2	FALSE	1	1X-P2-E1
1X_P2	E02	18SBaX_000004	2018	Spring	Basin	Basin	FALSE	1	1X-P2-E2
1X_P2	E03	16SP3X_000019	2016	Spring	Pond	Pond_3	FALSE	1	1X-P2-E3
1X_P2	E04	18SP1X_000032	2018	Spring	Pond	Pond_1	FALSE	1	1X-P2-E4
1X_P2	E05	16FBaX_000016	2016	Fall	Basin	Basin	FALSE	1	1X-P2-E5
1X_P2	E06	16FBaX_000012	2016	Fall	Basin	Basin	FALSE	1	1X-P2-E6
1X_P2	E07	16SP3X_000044	2016	Spring	Pond	Pond_3	FALSE	1	1X-P2-E7
1X_P2	E08	18SBaX_000031	2018	Spring	Basin	Basin	FALSE	1	1X-P2-E8
1X_P2	E09	18SBaX_000080	2018	Spring	Basin	Basin	FALSE	1	1X-P2-E9
1X_P2	E10	16SP1X_000015	2016	Spring	Pond	Pond_1	FALSE	1	1X-P2-E10
1X_P2	E11	16FBaX_000025	2016	Fall	Basin	Basin	FALSE	1	1X-P2-E11
1X_P2	E12	16FP1X_000033	2016	Fall	Pond	Pond_1	FALSE	1	1X-P2-E12
1X_P2	F01	18FBaX_G1G2G3	2018	Fall	Basin	Basin	FALSE	1	1X-P2-F1
1X_P2	F02	16FP1X_000023	2016	Fall	Pond	Pond_1	FALSE	1	1X-P2-F2
1X_P2	F03	18SP3X_G1R3X0	2018	Spring	Pond	Pond_3	FALSE	1	1X-P2-F3
1X_P2	F04	16SP2X_000004	2016	Spring	Pond	Pond_2	FALSE	1	1X-P2-F4
1X_P2	F05	18SBaX_000082	2018	Spring	Basin	Basin	FALSE	1	1X-P2-F5
1X_P2	F06	16FP2X_000015	2016	Fall	Pond	Pond_2	FALSE	1	1X-P2-F6
1X_P2	F07	18FP4X_O1P2G4	2018	Fall	Pond	Pond_4	FALSE	1	1X-P2-F7
1X_P2	F08	16SBaX_000040	2016	Spring	Basin	Basin	FALSE	1	1X-P2-F8
1X_P2	F09	16FP3X_000038	2016	Fall	Pond	Pond_3	FALSE	1	1X-P2-F9
1X_P2	F10	18SBaX_R2G3X0	2018	Spring	Basin	Basin	FALSE	1	1X-P2-F10
1X_P2	F11	16SP3X_000032	2016	Spring	Pond	Pond_3	FALSE	1	1X-P2-F11
1X_P2	F12	18SP1X_000042	2018	Spring	Pond	Pond_1	FALSE	1	1X-P2-F12
1X_P2	G01	18SBaX_000054	2018	Spring	Basin	Basin	FALSE	1	1X-P2-G1
1X_P2	G02	16FP2X_000032	2016	Fall	Pond	Pond_2	FALSE	1	1X-P2-G2
1X_P2	G03	16SP3X_000016	2016	Spring	Pond	Pond_3	FALSE	1	1X-P2-G3
1X_P2	G04	16SBaX_000034	2016	Spring	Basin	Basin	FALSE	1	1X-P2-G4
1X_P2	G05	16FP1X_000039	2016	Fall	Pond	Pond_1	FALSE	1	1X-P2-G5
1X_P2	G06	18SBaX_000006	2018	Spring	Basin	Basin	FALSE	1	1X-P2-G6
1X_P2	G07	16SP1X_000019	2016	Spring	Pond	Pond_1	FALSE	1	1X-P2-G7
1X_P2	G08	18SP1X_000021	2018	Spring	Pond	Pond_1	FALSE	1	1X-P2-G8
1X_P2	G09	18FBaX_R1P5G6	2018	Fall	Basin	Basin	FALSE	1	1X-P2-G9
1X_P2	G10	16SBaX_000053	2016	Spring	Basin	Basin	FALSE	1	1X-P2-G10
1X_P2	G11	18FBaX_R1G4G6	2018	Fall	Basin	Basin	FALSE	1	1X-P2-G11
1X_P2	G12	16FP3X_000034	2016	Fall	Pond	Pond_3	FALSE	1	1X-P2-G12
1X_P2	H01	16SP2X_000031	2016	Spring	Pond	Pond_2	FALSE	1	1X-P2-H1
1X_P2	H02	16FBaX_000034	2016	Fall	Basin	Basin	FALSE	1	1X-P2-H2
1X_P2	H03	18FP3X_R1G2O5	2018	Fall	Pond	Pond_3	FALSE	1	1X-P2-H3
1X_P2	H04	16SP2X_000008	2016	Spring	Pond	Pond_2	FALSE	1	1X-P2-H4
1X_P2	H05	18SP3X_R2G4X0	2018	Spring	Pond	Pond_3	FALSE	1	1X-P2-H5
1X_P2	H06	16FP3X_000028	2016	Fall	Pond	Pond_3	FALSE	1	1X-P2-H6
1X_P2	H07	18SP3X_000019	2018	Spring	Pond	Pond_3	FALSE	1	1X-P2-H7
1X_P2	H08	16SP1X_000039	2016	Spring	Pond	Pond_1	FALSE	1	1X-P2-H8
1X_P2	H09	16SP2X_000014	2016	Spring	Pond	Pond_2	FALSE	1	1X-P2-H9
1X_P2	H10	18FP1X_G1R3R5	2018	Fall	Pond	Pond_1	FALSE	1	1X-P2-H10
1X_P2	H11	16FP2X_000024	2016	Fall	Pond	Pond_2	FALSE	1	1X-P2-H11
1X_P2	H12	18SP4X_000002	2018	Spring	Pond	Pond_4	FALSE	1	1X-P2-H12
1X_P3	A01	16FP3X_000016	2016	Fall	Pond	Pond_3	FALSE	1	1X-P3-A1
1X_P3	A02	16FP1X_000010	2016	Fall	Pond	Pond_1	FALSE	1	1X-P3-A2
1X_P3	A03	18SP3X_000027	2018	Spring	Pond	Pond_3	FALSE	1	1X-P3-A3
1X_P3	A04	16SP3X_000002	2016	Spring	Pond	Pond_3	FALSE	1	1X-P3-A4
1X_P3	A05	18SBaX_000075	2018	Spring	Basin	Basin	FALSE	1	1X-P3-A5
1X_P3	A06	18SP4X_000033	2018	Spring	Pond	Pond_4	FALSE	1	1X-P3-A6
1X_P3	A07	18FP4X_R2R4G5	2018	Fall	Pond	Pond_4	FALSE	1	1X-P3-A7
1X_P3	A08	16FP3X_000036	2016	Fall	Pond	Pond_3	FALSE	1	1X-P3-A8
1X_P3	A09	16FP1X_000025	2016	Fall	Pond	Pond_1	FALSE	1	1X-P3-A9
1X_P3	A10	18SP3X_R3O5X0	2018	Spring	Pond	Pond_3	FALSE	1	1X-P3-A10
1X_P3	A11	16SP1X_000008	2016	Spring	Pond	Pond_1	FALSE	1	1X-P3-A11
1X_P3	A12	18SBaX_O3O7X0	2018	Spring	Basin	Basin	FALSE	1	1X-P3-A12
1X_P3	B01	16FBaX_000013	2016	Fall	Basin	Basin	FALSE	1	1X-P3-B1
1X_P3	B02	18SP4X_000030	2018	Spring	Pond	Pond_4	FALSE	1	1X-P3-B2
1X_P3	B03	16SBaX_000005	2016	Spring	Basin	Basin	FALSE	1	1X-P3-B3
1X_P3	B04	16SP3X_000028	2016	Spring	Pond	Pond_3	FALSE	1	1X-P3-B4
1X_P3	B05	16SBaX_000013	2016	Spring	Basin	Basin	FALSE	1	1X-P3-B5
1X_P3	B06	16SP2X_000011	2016	Spring	Pond	Pond_2	FALSE	1	1X-P3-B6
1X_P3	B07	18SP1X_000049	2018	Spring	Pond	Pond_1	FALSE	1	1X-P3-B7
1X_P3	B08	16FP2X_000016	2016	Fall	Pond	Pond_2	FALSE	1	1X-P3-B8
1X_P3	B09	18SP1X_000022	2018	Spring	Pond	Pond_1	FALSE	1	1X-P3-B9
1X_P3	B10	16SP2X_000047	2016	Spring	Pond	Pond_2	FALSE	1	1X-P3-B10
1X_P3	B11	18FBaX_P3P4G5	2018	Fall	Basin	Basin	FALSE	1	1X-P3-B11
1X_P3	B12	16SP2X_000007	2016	Spring	Pond	Pond_2	FALSE	1	1X-P3-B12
1X_P3	C01	18SBaX_000002	2018	Spring	Basin	Basin	FALSE	1	1X-P3-C1
1X_P3	C02	18SBaX_000027	2018	Spring	Basin	Basin	FALSE	1	1X-P3-C2
1X_P3	C03	16SP2X_000019	2016	Spring	Pond	Pond_2	FALSE	1	1X-P3-C3
1X_P3	C04	18FP1X_R1P2P5	2018	Fall	Pond	Pond_1	FALSE	1	1X-P3-C4
1X_P3	C05	16FP2X_000035	2016	Fall	Pond	Pond_2	FALSE	1	1X-P3-C5
1X_P3	C06	18SP3X_000004	2018	Spring	Pond	Pond_3	FALSE	1	1X-P3-C6
1X_P3	C07	16FBaX_000004	2016	Fall	Basin	Basin	FALSE	1	1X-P3-C7
1X_P3	C08	18SBaX_000014	2018	Spring	Basin	Basin	FALSE	1	1X-P3-C8
1X_P3	C09	16SP1X_000022	2016	Spring	Pond	Pond_1	FALSE	1	1X-P3-C9
1X_P3	C10	18SP1X_000011	2018	Spring	Pond	Pond_1	FALSE	1	1X-P3-C10
1X_P3	C11	18SBaX_R2P5X0	2018	Spring	Basin	Basin	FALSE	1	1X-P3-C11
1X_P3	C12	16FP3X_000007	2016	Fall	Pond	Pond_3	FALSE	1	1X-P3-C12
1X_P3	D01	16SP3X_000010	2016	Spring	Pond	Pond_3	FALSE	1	1X-P3-D1
1X_P3	D02	16SP1X_000004	2016	Spring	Pond	Pond_1	FALSE	1	1X-P3-D2
1X_P3	D03	18SBaX_O1P3X0	2018	Spring	Basin	Basin	FALSE	1	1X-P3-D3
1X_P3	D04	16FBaX_000009	2016	Fall	Basin	Basin	FALSE	1	1X-P3-D4
1X_P3	D05	18SP1X_O1O4X0	2018	Spring	Pond	Pond_1	FALSE	1	1X-P3-D5
1X_P3	D06	16FP1X_000021	2016	Fall	Pond	Pond_1	FALSE	1	1X-P3-D6
1X_P3	D07	18FP3X_O1R2P3	2018	Fall	Pond	Pond_3	FALSE	1	1X-P3-D7
1X_P3	D08	16FP2X_000005	2016	Fall	Pond	Pond_2	FALSE	1	1X-P3-D8
1X_P3	D09	18FP1X_R1R3R5	2018	Fall	Pond	Pond_1	FALSE	1	1X-P3-D9
1X_P3	D10	16SP3X_000021	2016	Spring	Pond	Pond_3	FALSE	1	1X-P3-D10
1X_P3	D11	16FP1X_000015	2016	Fall	Pond	Pond_1	FALSE	1	1X-P3-D11
1X_P3	D12	18SBaX_000059	2018	Spring	Basin	Basin	FALSE	1	1X-P3-D12
1X_P3	E01	18FBaX_O1O2O6	2018	Fall	Basin	Basin	FALSE	1	1X-P3-E1
1X_P3	E02	18SP3X_000014	2018	Spring	Pond	Pond_3	FALSE	1	1X-P3-E2
1X_P3	E03	16SP3X_000042	2016	Spring	Pond	Pond_3	FALSE	1	1X-P3-E3
1X_P3	E04	18SBaX_000019	2018	Spring	Basin	Basin	FALSE	1	1X-P3-E4
1X_P3	E05	16SP2X_000032	2016	Spring	Pond	Pond_2	FALSE	1	1X-P3-E5
1X_P3	E06	18SBaX_O1G4X0	2018	Spring	Basin	Basin	FALSE	1	1X-P3-E6
1X_P3	E07	16SP1X_000036	2016	Spring	Pond	Pond_1	FALSE	1	1X-P3-E7
1X_P3	E08	18SP4X_000018	2018	Spring	Pond	Pond_4	FALSE	1	1X-P3-E8
1X_P3	E09	16SP1X_000001	2016	Spring	Pond	Pond_1	FALSE	1	1X-P3-E9
1X_P3	E10	16FP2X_000040	2016	Fall	Pond	Pond_2	FALSE	1	1X-P3-E10
1X_P3	E11	18SP1X_G2O4X0	2018	Spring	Pond	Pond_1	FALSE	1	1X-P3-E11
1X_P3	E12	16SP1X_000020	2016	Spring	Pond	Pond_1	FALSE	1	1X-P3-E12
1X_P3	F01	16SBaX_000019	2016	Spring	Basin	Basin	FALSE	1	1X-P3-F1
1X_P3	F02	16FP1X_000043	2016	Fall	Pond	Pond_1	FALSE	1	1X-P3-F2
1X_P3	F03	16FP3X_000031	2016	Fall	Pond	Pond_3	FALSE	1	1X-P3-F3
1X_P3	F04	16FBaX_000036	2016	Fall	Basin	Basin	FALSE	1	1X-P3-F4
1X_P3	F05	18SP1X_000019	2018	Spring	Pond	Pond_1	FALSE	1	1X-P3-F5
1X_P3	F06	16FP3X_000041	2016	Fall	Pond	Pond_3	FALSE	1	1X-P3-F6
1X_P3	F07	18SP3X_R1G2X0	2018	Spring	Pond	Pond_3	FALSE	1	1X-P3-F7
1X_P3	F08	18FBaX_G1G2R3	2018	Fall	Basin	Basin	FALSE	1	1X-P3-F8
1X_P3	F09	18SBaX_P4O5X0	2018	Spring	Basin	Basin	FALSE	1	1X-P3-F9
1X_P3	F10	18SP3X_000031	2018	Spring	Pond	Pond_3	FALSE	1	1X-P3-F10
1X_P3	F11	16FBaX_000038	2016	Fall	Basin	Basin	FALSE	1	1X-P3-F11
1X_P3	F12	16SP3X_000039	2016	Spring	Pond	Pond_3	FALSE	1	1X-P3-F12
1X_P3	G01	18SP1X_000002	2018	Spring	Pond	Pond_1	FALSE	1	1X-P3-G1
1X_P3	G02	18SBaX_G1P4X0	2018	Spring	Basin	Basin	FALSE	1	1X-P3-G2
1X_P3	G03	16SBaX_000037	2016	Spring	Basin	Basin	FALSE	1	1X-P3-G3
1X_P3	G04	18SP3X_G3R6X0	2018	Spring	Pond	Pond_3	FALSE	1	1X-P3-G4
1X_P3	G05	16SBaX_000016	2016	Spring	Basin	Basin	FALSE	1	1X-P3-G5
1X_P3	G06	18SBaX_G2R3X0	2018	Spring	Basin	Basin	FALSE	1	1X-P3-G6
1X_P3	G07	16FBaX_000019	2016	Fall	Basin	Basin	FALSE	1	1X-P3-G7
1X_P3	G08	16SP2X_000027	2016	Spring	Pond	Pond_2	FALSE	1	1X-P3-G8
1X_P3	G09	16FP3X_000013	2016	Fall	Pond	Pond_3	FALSE	1	1X-P3-G9
1X_P3	G10	18SP4X_000027	2018	Spring	Pond	Pond_4	FALSE	1	1X-P3-G10
1X_P3	G11	16FP2X_000020	2016	Fall	Pond	Pond_2	FALSE	1	1X-P3-G11
1X_P3	G12	18SBaX_000087	2018	Spring	Basin	Basin	FALSE	1	1X-P3-G12
1X_P3	H01	18SP4X_000006	2018	Spring	Pond	Pond_4	FALSE	1	1X-P3-H1
1X_P3	H02	16SP1X_000017	2016	Spring	Pond	Pond_1	FALSE	1	1X-P3-H2
1X_P3	H03	18FBaX_O1O4P6	2018	Fall	Basin	Basin	FALSE	1	1X-P3-H3
1X_P3	H04	16FP2X_000041	2016	Fall	Pond	Pond_2	FALSE	1	1X-P3-H4
1X_P3	H05	18FBaX_R4G5R6	2018	Fall	Basin	Basin	FALSE	1	1X-P3-H5
1X_P3	H06	16FP1X_000036	2016	Fall	Pond	Pond_1	FALSE	1	1X-P3-H6
1X_P3	H07	16SP3X_000035	2016	Spring	Pond	Pond_3	FALSE	1	1X-P3-H7
1X_P3	H08	18SBaX_000069	2018	Spring	Basin	Basin	FALSE	1	1X-P3-H8
1X_P3	H09	16SBaX_000022	2016	Spring	Basin	Basin	FALSE	1	1X-P3-H9
1X_P3	H10	16SP2X_000037	2016	Spring	Pond	Pond_2	FALSE	1	1X-P3-H10
1X_P3	H11	18SBaX_000051	2018	Spring	Basin	Basin	FALSE	1	1X-P3-H11
1X_P3	H12	16SBaX_000045	2016	Spring	Basin	Basin	FALSE	1	1X-P3-H12
1X_P4	A01	18SBaX_000084	2018	Spring	Basin	Basin	FALSE	1	1X-P4-A1
1X_P4	A02	16FP2X_000031	2016	Fall	Pond	Pond_2	FALSE	1	1X-P4-A2
1X_P4	A03	16SBaX_000033	2016	Spring	Basin	Basin	FALSE	1	1X-P4-A3
1X_P4	A04	18SBaX_000067	2018	Spring	Basin	Basin	FALSE	1	1X-P4-A4
1X_P4	A05	16SP1X_000042	2016	Spring	Pond	Pond_1	FALSE	1	1X-P4-A5
1X_P4	A06	18FP4X_G2G3O6	2018	Fall	Pond	Pond_4	FALSE	1	1X-P4-A6
1X_P4	A07	16FBaX_000022	2016	Fall	Basin	Basin	FALSE	1	1X-P4-A7
1X_P4	A08	18SBaX_R1P7X0	2018	Spring	Basin	Basin	FALSE	1	1X-P4-A8
1X_P4	A09	16SBaX_000031	2016	Spring	Basin	Basin	FALSE	1	1X-P4-A9
1X_P4	A10	18SP3X_000034	2018	Spring	Pond	Pond_3	FALSE	1	1X-P4-A10
1X_P4	A11	16FBaX_000006	2016	Fall	Basin	Basin	FALSE	1	1X-P4-A11
1X_P4	A12	18SBaX_G2R6X0	2018	Spring	Basin	Basin	FALSE	1	1X-P4-A12
1X_P4	B01	16SP1X_000021	2016	Spring	Pond	Pond_1	FALSE	1	1X-P4-B1
1X_P4	B02	18SP3X_R1R4X0	2018	Spring	Pond	Pond_3	FALSE	1	1X-P4-B2
1X_P4	B03	16SP3X_000011	2016	Spring	Pond	Pond_3	FALSE	1	1X-P4-B3
1X_P4	B04	18FBaX_G2O3G4	2018	Fall	Basin	Basin	FALSE	1	1X-P4-B4
1X_P4	B05	16FP1X_000012	2016	Fall	Pond	Pond_1	FALSE	1	1X-P4-B5
1X_P4	B06	18SP1X_000033	2018	Spring	Pond	Pond_1	FALSE	1	1X-P4-B6
1X_P4	B07	16SP1X_000027	2016	Spring	Pond	Pond_1	FALSE	1	1X-P4-B7
1X_P4	B08	16SP3X_000047	2016	Spring	Pond	Pond_3	FALSE	1	1X-P4-B8
1X_P4	B09	18SP4X_000004	2018	Spring	Pond	Pond_4	FALSE	1	1X-P4-B9
1X_P4	B10	16FP2X_000029	2016	Fall	Pond	Pond_2	FALSE	1	1X-P4-B10
1X_P4	B11	18FBaX_R2G4G6	2018	Fall	Basin	Basin	FALSE	1	1X-P4-B11
1X_P4	B12	16SP1X_000009	2016	Spring	Pond	Pond_1	FALSE	1	1X-P4-B12
1X_P4	C01	18SBaX_000022	2018	Spring	Basin	Basin	FALSE	1	1X-P4-C1
1X_P4	C02	16FP3X_000024	2016	Fall	Pond	Pond_3	FALSE	1	1X-P4-C2
1X_P4	C03	18SP1X_000014	2018	Spring	Pond	Pond_1	FALSE	1	1X-P4-C3
1X_P4	C04	16SP2X_000024	2016	Spring	Pond	Pond_2	FALSE	1	1X-P4-C4
1X_P4	C05	18SBaX_R2P5X0	2018	Spring	Basin	Basin	FALSE	1	1X-P4-C5
1X_P4	C06	16SBaX_000023	2016	Spring	Basin	Basin	FALSE	1	1X-P4-C6
1X_P4	C07	18SP1X_000038	2018	Spring	Pond	Pond_1	FALSE	1	1X-P4-C7
1X_P4	C08	18SP3X_000001	2018	Spring	Pond	Pond_3	FALSE	1	1X-P4-C8
1X_P4	C09	16SP1X_000014	2016	Spring	Pond	Pond_1	FALSE	1	1X-P4-C9
1X_P4	C10	18SBaX_000021	2018	Spring	Basin	Basin	FALSE	1	1X-P4-C10
1X_P4	C11	16FP1X_000017	2016	Fall	Pond	Pond_1	FALSE	1	1X-P4-C11
1X_P4	C12	18SP1X_000047	2018	Spring	Pond	Pond_1	FALSE	1	1X-P4-C12
1X_P4	D01	16FP1X_000002	2016	Fall	Pond	Pond_1	FALSE	1	1X-P4-D1
1X_P4	D02	16SBaX_000018	2016	Spring	Basin	Basin	FALSE	1	1X-P4-D2
1X_P4	D03	16FP3X_000040	2016	Fall	Pond	Pond_3	FALSE	1	1X-P4-D3
1X_P4	D04	18SP3X_000030	2018	Spring	Pond	Pond_3	FALSE	1	1X-P4-D4
1X_P4	D05	16FP3X_000032	2016	Fall	Pond	Pond_3	FALSE	1	1X-P4-D5
1X_P4	D06	18SBaX_000034	2018	Spring	Basin	Basin	FALSE	1	1X-P4-D6
1X_P4	D07	16FP1X_000040	2016	Fall	Pond	Pond_1	FALSE	1	1X-P4-D7
1X_P4	D08	16FP3X_000026	2016	Fall	Pond	Pond_3	FALSE	1	1X-P4-D8
1X_P4	D09	18SP4X_000014	2018	Spring	Pond	Pond_4	FALSE	1	1X-P4-D9
1X_P4	D10	16SP3X_000030	2016	Spring	Pond	Pond_3	FALSE	1	1X-P4-D10
1X_P4	D11	18SBaX_P3O5X0	2018	Spring	Basin	Basin	FALSE	1	1X-P4-D11
1X_P4	D12	16SP2X_000023	2016	Spring	Pond	Pond_2	FALSE	1	1X-P4-D12
1X_P4	E01	18SP4X_000007	2018	Spring	Pond	Pond_4	FALSE	1	1X-P4-E1
1X_P4	E02	18SBaX_000048	2018	Spring	Basin	Basin	FALSE	1	1X-P4-E2
1X_P4	E03	18FBaX_P2P4G5	2018	Fall	Basin	Basin	FALSE	1	1X-P4-E3
1X_P4	E04	16FP1X_000006	2016	Fall	Pond	Pond_1	FALSE	1	1X-P4-E4
1X_P4	E05	18FP3X_O3P4O6	2018	Fall	Pond	Pond_3	FALSE	1	1X-P4-E5
1X_P4	E06	16SP2X_000012	2016	Spring	Pond	Pond_2	FALSE	1	1X-P4-E6
1X_P4	E07	18SBaX_000063	2018	Spring	Basin	Basin	FALSE	1	1X-P4-E7
1X_P4	E08	16SBaX_000046	2016	Spring	Basin	Basin	FALSE	1	1X-P4-E8
1X_P4	E09	18SBaX_R2O4X0	2018	Spring	Basin	Basin	FALSE	1	1X-P4-E9
1X_P4	E10	16SBaX_000039	2016	Spring	Basin	Basin	FALSE	1	1X-P4-E10
1X_P4	E11	16SP2X_000030	2016	Spring	Pond	Pond_2	FALSE	1	1X-P4-E11
1X_P4	E12	18SP4X_000035	2018	Spring	Pond	Pond_4	FALSE	1	1X-P4-E12
1X_P4	F01	18SP3X_000016	2018	Spring	Pond	Pond_3	FALSE	1	1X-P4-F1
1X_P4	F02	16SP2X_000042	2016	Spring	Pond	Pond_2	FALSE	1	1X-P4-F2
1X_P4	F03	16FP2X_000010	2016	Fall	Pond	Pond_2	FALSE	1	1X-P4-F3
1X_P4	F04	18SP1X_O2O3X0	2018	Spring	Pond	Pond_1	FALSE	1	1X-P4-F4
1X_P4	F05	18SBaX_O4O5X0	2018	Spring	Basin	Basin	FALSE	1	1X-P4-F5
1X_P4	F06	16FP3X_000004	2016	Fall	Pond	Pond_3	FALSE	1	1X-P4-F6
1X_P4	F07	16FBaX_000017	2016	Fall	Basin	Basin	FALSE	1	1X-P4-F7
1X_P4	F08	18FP1X_O1R3O5	2018	Fall	Pond	Pond_1	FALSE	1	1X-P4-F8
1X_P4	F09	16FP2X_000011	2016	Fall	Pond	Pond_2	FALSE	1	1X-P4-F9
1X_P4	F10	18SP1X_P1R5X0	2018	Spring	Pond	Pond_1	FALSE	1	1X-P4-F10
1X_P4	F11	18SP3X_000035	2018	Spring	Pond	Pond_3	FALSE	1	1X-P4-F11
1X_P4	F12	16FBaX_000030	2016	Fall	Basin	Basin	FALSE	1	1X-P4-F12
1X_P4	G01	16SP3X_000006	2016	Spring	Pond	Pond_3	FALSE	1	1X-P4-G1
1X_P4	G02	16FBaX_000031	2016	Fall	Basin	Basin	FALSE	1	1X-P4-G2
1X_P4	G03	18FP1X_O1P2G6	2018	Fall	Pond	Pond_1	FALSE	1	1X-P4-G3
1X_P4	G04	16SP2X_000052	2016	Spring	Pond	Pond_2	FALSE	1	1X-P4-G4
1X_P4	G05	16FBaX_000020	2016	Fall	Basin	Basin	FALSE	1	1X-P4-G5
1X_P4	G06	18FBaX_R2P3R5	2018	Fall	Basin	Basin	FALSE	1	1X-P4-G6
1X_P4	G07	18SP1X_000036	2018	Spring	Pond	Pond_1	FALSE	1	1X-P4-G7
1X_P4	G08	16SP2X_000016	2016	Spring	Pond	Pond_2	FALSE	1	1X-P4-G8
1X_P4	G09	18SBaX_G3O6X0	2018	Spring	Basin	Basin	FALSE	1	1X-P4-G9
1X_P4	G10	16SP3X_000018	2016	Spring	Pond	Pond_3	FALSE	1	1X-P4-G10
1X_P4	G11	16SP1X_000045	2016	Spring	Pond	Pond_1	FALSE	1	1X-P4-G11
1X_P4	G12	18SBaX_R1O4X0	2018	Spring	Basin	Basin	FALSE	1	1X-P4-G12
1X_P4	H01	18SBaX_000045	2018	Spring	Basin	Basin	FALSE	1	1X-P4-H1
1X_P4	H02	16FP3X_000030	2016	Fall	Pond	Pond_3	FALSE	1	1X-P4-H2
1X_P4	H03	16FP2X_000043	2016	Fall	Pond	Pond_2	FALSE	1	1X-P4-H3
1X_P4	H04	18SP4X_000021	2018	Spring	Pond	Pond_4	FALSE	1	1X-P4-H4
1X_P4	H05	16SP3X_000008	2016	Spring	Pond	Pond_3	FALSE	1	1X-P4-H5
1X_P4	H06	18SP3X_P1P2X0	2018	Spring	Pond	Pond_3	FALSE	1	1X-P4-H6
1X_P4	H07	16SP3X_000014	2016	Spring	Pond	Pond_3	FALSE	1	1X-P4-H7
1X_P4	H08	16SBaX_000010	2016	Spring	Basin	Basin	FALSE	1	1X-P4-H8
1X_P4	H09	16SP1X_000038	2016	Spring	Pond	Pond_1	FALSE	1	1X-P4-H9
1X_P4	H10	18FBaX_P3G5P6	2018	Fall	Basin	Basin	FALSE	1	1X-P4-H10
1X_P4	H11	16FP2X_000034	2016	Fall	Pond	Pond_2	FALSE	1	1X-P4-H11
1X_P4	H12	16FP1X_000035	2016	Fall	Pond	Pond_1	FALSE	1	1X-P4-H12
1X_P5	A01	16FP2X_000001	2016	Fall	Pond	Pond_2	FALSE	1	1X-P5-A1
1X_P5	A02	18SP4X_000011	2018	Spring	Pond	Pond_4	FALSE	1	1X-P5-A2
1X_P5	A03	16FBaX_000002	2016	Fall	Basin	Basin	FALSE	1	1X-P5-A3
1X_P5	A04	16SP3X_000041	2016	Spring	Pond	Pond_3	FALSE	1	1X-P5-A4
1X_P5	A05	18SBaX_P1P7X0	2018	Spring	Basin	Basin	FALSE	1	1X-P5-A5
1X_P5	A06	16SBaX_000003	2016	Spring	Basin	Basin	FALSE	1	1X-P5-A6
1X_P5	A07	16SP3X_000027	2016	Spring	Pond	Pond_3	FALSE	1	1X-P5-A7
1X_P5	A08	18SBaX_000090	2018	Spring	Basin	Basin	FALSE	1	1X-P5-A8
1X_P5	A09	16SP2X_000038	2016	Spring	Pond	Pond_2	FALSE	1	1X-P5-A9
1X_P5	A10	16FP3X_000037	2016	Fall	Pond	Pond_3	FALSE	1	1X-P5-A10
1X_P5	A11	18FBaX_R2P3O6	2018	Fall	Basin	Basin	FALSE	1	1X-P5-A11
1X_P5	A12	16SP3X_000046	2016	Spring	Pond	Pond_3	FALSE	1	1X-P5-A12
1X_P5	B01	18SP3X_000018	2018	Spring	Pond	Pond_3	FALSE	1	1X-P5-B1
1X_P5	B02	16FP3X_000010	2016	Fall	Pond	Pond_3	FALSE	1	1X-P5-B2
1X_P5	B03	16SP1X_000037	2016	Spring	Pond	Pond_1	FALSE	1	1X-P5-B3
1X_P5	B04	18FBaX_P1P2G3	2018	Fall	Basin	Basin	FALSE	1	1X-P5-B4
1X_P5	B05	18SBaX_G1O2X0	2018	Spring	Basin	Basin	FALSE	1	1X-P5-B5
1X_P5	B06	16FP1X_000032	2016	Fall	Pond	Pond_1	FALSE	1	1X-P5-B6
1X_P5	B07	18SP3X_O2G3X0	2018	Spring	Pond	Pond_3	FALSE	1	1X-P5-B7
1X_P5	B08	16SP2X_000040	2016	Spring	Pond	Pond_2	FALSE	1	1X-P5-B8
1X_P5	B09	16FBaX_000039	2016	Fall	Basin	Basin	FALSE	1	1X-P5-B9
1X_P5	B10	18FP1X_O2G3G5	2018	Fall	Pond	Pond_1	FALSE	1	1X-P5-B10
1X_P5	B11	16FP1X_000005	2016	Fall	Pond	Pond_1	FALSE	1	1X-P5-B11
1X_P5	B12	18FBaX_R3O5P6	2018	Fall	Basin	Basin	FALSE	1	1X-P5-B12
1X_P5	C01	16FP1X_000011	2016	Fall	Pond	Pond_1	FALSE	1	1X-P5-C1
1X_P5	C02	18SP1X_O4R6X0	2018	Spring	Pond	Pond_1	FALSE	1	1X-P5-C2
1X_P5	C03	16SBaX_000043	2016	Spring	Basin	Basin	FALSE	1	1X-P5-C3
1X_P5	C04	16SBaX_000029	2016	Spring	Basin	Basin	FALSE	1	1X-P5-C4
1X_P5	C05	16FP3X_000042	2016	Fall	Pond	Pond_3	FALSE	1	1X-P5-C5
1X_P5	C06	18SBaX_000066	2018	Spring	Basin	Basin	FALSE	1	1X-P5-C6
1X_P5	C07	16SP2X_000010	2016	Spring	Pond	Pond_2	FALSE	1	1X-P5-C7
1X_P5	C08	18SP1X_000005	2018	Spring	Pond	Pond_1	FALSE	1	1X-P5-C8
1X_P5	C09	16FP2X_000025	2016	Fall	Pond	Pond_2	FALSE	1	1X-P5-C9
1X_P5	C10	16SP1X_000023	2016	Spring	Pond	Pond_1	FALSE	1	1X-P5-C10
1X_P5	C11	18SBaX_P2O4X0	2018	Spring	Basin	Basin	FALSE	1	1X-P5-C11
1X_P5	C12	16SP2X_000053	2016	Spring	Pond	Pond_2	FALSE	1	1X-P5-C12
1X_P5	D01	16FP2X_000007	2016	Fall	Pond	Pond_2	FALSE	1	1X-P5-D1
1X_P5	D02	18SBaX_000018	2018	Spring	Basin	Basin	FALSE	1	1X-P5-D2
1X_P5	D03	16SP2X_000013	2016	Spring	Pond	Pond_2	FALSE	1	1X-P5-D3
1X_P5	D04	18SP3X_G2O5X0	2018	Spring	Pond	Pond_3	FALSE	1	1X-P5-D4
1X_P5	D05	16FBaX_000032	2016	Fall	Basin	Basin	FALSE	1	1X-P5-D5
1X_P5	D06	18SBaX_000086	2018	Spring	Basin	Basin	FALSE	1	1X-P5-D6
1X_P5	D07	18SP1X_000013	2018	Spring	Pond	Pond_1	FALSE	1	1X-P5-D7
1X_P5	D08	16SP3X_000034	2016	Spring	Pond	Pond_3	FALSE	1	1X-P5-D8
1X_P5	D09	16SBaX_000024	2016	Spring	Basin	Basin	FALSE	1	1X-P5-D9
1X_P5	D10	18SP1X_000048	2018	Spring	Pond	Pond_1	FALSE	1	1X-P5-D10
1X_P5	D11	16FP3X_000009	2016	Fall	Pond	Pond_3	FALSE	1	1X-P5-D11
1X_P5	D12	18SBaX_000012	2018	Spring	Basin	Basin	FALSE	1	1X-P5-D12
1X_P5	E01	18SP4X_000024	2018	Spring	Pond	Pond_4	FALSE	1	1X-P5-E1
1X_P5	E02	16FBaX_000010	2016	Fall	Basin	Basin	FALSE	1	1X-P5-E2
1X_P5	E03	18FP3X_O1O3G6	2018	Fall	Pond	Pond_3	FALSE	1	1X-P5-E3
1X_P5	E04	16SP3X_000013	2016	Spring	Pond	Pond_3	FALSE	1	1X-P5-E4
1X_P5	E05	18SBaX_G2P4X0	2018	Spring	Basin	Basin	FALSE	1	1X-P5-E5
1X_P5	E06	16FP2X_000022	2016	Fall	Pond	Pond_2	FALSE	1	1X-P5-E6
1X_P5	E07	16SP1X_000033	2016	Spring	Pond	Pond_1	FALSE	1	1X-P5-E7
1X_P5	E08	18SP3X_000005	2018	Spring	Pond	Pond_3	FALSE	1	1X-P5-E8
1X_P5	E09	18SBaX_O3R6X0	2018	Spring	Basin	Basin	FALSE	1	1X-P5-E9
1X_P5	E10	16SP2X_000017	2016	Spring	Pond	Pond_2	FALSE	1	1X-P5-E10
1X_P5	E11	18SP3X_R1G3X0	2018	Spring	Pond	Pond_3	FALSE	1	1X-P5-E11
1X_P5	E12	16SBaX_000027	2016	Spring	Basin	Basin	FALSE	1	1X-P5-E12
1X_P5	F01	16FP3X_000012	2016	Fall	Pond	Pond_3	FALSE	1	1X-P5-F1
1X_P5	F02	18SP1X_000001	2018	Spring	Pond	Pond_1	FALSE	1	1X-P5-F2
1X_P5	F03	16SBaX_000047	2016	Spring	Basin	Basin	FALSE	1	1X-P5-F3
1X_P5	F04	18SP4X_000008	2018	Spring	Pond	Pond_4	FALSE	1	1X-P5-F4
1X_P5	F05	16FP1X_000020	2016	Fall	Pond	Pond_1	FALSE	1	1X-P5-F5
1X_P5	F06	18SP3X_O3R5X0	2018	Spring	Pond	Pond_3	FALSE	1	1X-P5-F6
1X_P5	F07	16SP1X_000006	2016	Spring	Pond	Pond_1	FALSE	1	1X-P5-F7
1X_P5	F08	16FBaX_000026	2016	Fall	Basin	Basin	FALSE	1	1X-P5-F8
1X_P5	F09	16SP2X_000034	2016	Spring	Pond	Pond_2	FALSE	1	1X-P5-F9
1X_P5	F10	18SP4X_000015	2018	Spring	Pond	Pond_4	FALSE	1	1X-P5-F10
1X_P5	F11	16SP1X_000046	2016	Spring	Pond	Pond_1	FALSE	1	1X-P5-F11
1X_P5	F12	16FP2X_000038	2016	Fall	Pond	Pond_2	FALSE	1	1X-P5-F12
1X_P5	G01	18SBaX_000047	2018	Spring	Basin	Basin	FALSE	1	1X-P5-G1
1X_P5	G02	18SBaX_000011	2018	Spring	Basin	Basin	FALSE	1	1X-P5-G2
1X_P5	G03	16SP3X_000009	2016	Spring	Pond	Pond_3	FALSE	1	1X-P5-G3
1X_P5	G04	18SBaX_000016	2018	Spring	Basin	Basin	FALSE	1	1X-P5-G4
1X_P5	G05	18FP4X_R1P2O3	2018	Fall	Pond	Pond_4	FALSE	1	1X-P5-G5
1X_P5	G06	16FP3X_000020	2016	Fall	Pond	Pond_3	FALSE	1	1X-P5-G6
1X_P5	G07	18SBaX_000011	2018	Spring	Basin	Basin	FALSE	1	1X-P5-G7
1X_P5	G08	16FBaX_000014	2016	Fall	Basin	Basin	FALSE	1	1X-P5-G8
1X_P5	G09	18SP1X_000027	2018	Spring	Pond	Pond_1	FALSE	1	1X-P5-G9
1X_P5	G10	16SP3X_000003	2016	Spring	Pond	Pond_3	FALSE	1	1X-P5-G10
1X_P5	G11	18SP4X_000032	2018	Spring	Pond	Pond_4	FALSE	1	1X-P5-G11
1X_P5	G12	18SP1X_R1O5X0	2018	Spring	Pond	Pond_1	FALSE	1	1X-P5-G12
1X_P5	H01	16SP1X_000052	2016	Spring	Pond	Pond_1	FALSE	1	1X-P5-H1
1X_P5	H02	18FP1X_P2P5G6	2018	Fall	Pond	Pond_1	FALSE	1	1X-P5-H2
1X_P5	H03	18SBaX_000049	2018	Spring	Basin	Basin	FALSE	1	1X-P5-H3
1X_P5	H04	16FP1X_000008	2016	Fall	Pond	Pond_1	FALSE	1	1X-P5-H4
1X_P5	H05	16SBaX_000017	2016	Spring	Basin	Basin	FALSE	1	1X-P5-H5
1X_P5	H06	16SP1X_000029	2016	Spring	Pond	Pond_1	FALSE	1	1X-P5-H6
1X_P5	H07	18FBaX_O1P3P6	2018	Fall	Basin	Basin	FALSE	1	1X-P5-H7
1X_P5	H08	16FP2X_000019	2016	Fall	Pond	Pond_2	FALSE	1	1X-P5-H8
1X_P5	H09	18SBaX_000061	2018	Spring	Basin	Basin	FALSE	1	1X-P5-H9
1X_P5	H10	18SP3X_000007	2018	Spring	Pond	Pond_3	FALSE	1	1X-P5-H10
1X_P5	H11	18FBaX_R1R3G5	2018	Fall	Basin	Basin	FALSE	1	1X-P5-H11
1X_P5	H12	16FP1X_000027	2016	Fall	Pond	Pond_1	FALSE	1	1X-P5-H12
1X_P6	A01	18SP3X_000022	2018	Spring	Pond	Pond_3	FALSE	1	1X-P6-A1
1X_P6	A02	16FBaX_000021	2016	Fall	Basin	Basin	FALSE	1	1X-P6-A2
1X_P6	A03	16FP2X_000002	2016	Fall	Pond	Pond_2	FALSE	1	1X-P6-A3
1X_P6	A04	18SP1X_000012	2018	Spring	Pond	Pond_1	FALSE	1	1X-P6-A4
1X_P6	A05	16SP2X_000003	2016	Spring	Pond	Pond_2	FALSE	1	1X-P6-A5
1X_P6	A06	18SBaX_O2G4X0	2018	Spring	Basin	Basin	FALSE	1	1X-P6-A6
1X_P6	A07	16SP2X_000029	2016	Spring	Pond	Pond_2	FALSE	1	1X-P6-A7
1X_P6	A08	18SBaX_000052	2018	Spring	Basin	Basin	FALSE	1	1X-P6-A8
1X_P6	A09	16FP3X_000001	2016	Fall	Pond	Pond_3	FALSE	1	1X-P6-A9
1X_P6	A10	18SP3X_O2P3X0	2018	Spring	Pond	Pond_3	FALSE	1	1X-P6-A10
1X_P6	A11	16FP2X_000013	2016	Fall	Pond	Pond_2	FALSE	1	1X-P6-A11
1X_P6	A12	18SBaX_R3R6X0	2018	Spring	Basin	Basin	FALSE	1	1X-P6-A12
1X_P6	B01	16SP3X_000022	2016	Spring	Pond	Pond_3	FALSE	1	1X-P6-B1
1X_P6	B02	18SBaX_000073	2018	Spring	Basin	Basin	FALSE	1	1X-P6-B2
1X_P6	B03	18SBaX_000007	2018	Spring	Basin	Basin	FALSE	1	1X-P6-B3
1X_P6	B04	16SP2X_000018	2016	Spring	Pond	Pond_2	FALSE	1	1X-P6-B4
1X_P6	B05	18FBaX_P2G5R6	2018	Fall	Basin	Basin	FALSE	1	1X-P6-B5
1X_P6	B06	18SP3X_000029	2018	Spring	Pond	Pond_3	FALSE	1	1X-P6-B6
1X_P6	B07	16SBaX_000012	2016	Spring	Basin	Basin	FALSE	1	1X-P6-B7
1X_P6	B08	16FP1X_000041	2016	Fall	Pond	Pond_1	FALSE	1	1X-P6-B8
1X_P6	B09	18SBaX_000071	2018	Spring	Basin	Basin	FALSE	1	1X-P6-B9
1X_P6	B10	16SP1X_000012	2016	Spring	Pond	Pond_1	FALSE	1	1X-P6-B10
1X_P6	B11	18SP4X_000020	2018	Spring	Pond	Pond_4	FALSE	1	1X-P6-B11
1X_P6	B12	16SBaX_000036	2016	Spring	Basin	Basin	FALSE	1	1X-P6-B12
1X_P6	C01	16SP1X_000043	2016	Spring	Pond	Pond_1	FALSE	1	1X-P6-C1
1X_P6	C02	18FP4X_G1R2G3	2018	Fall	Pond	Pond_4	FALSE	1	1X-P6-C2
1X_P6	C03	16FP3X_000008	2016	Fall	Pond	Pond_3	FALSE	1	1X-P6-C3
1X_P6	C04	18FBaX_P1P3R6	2018	Fall	Basin	Basin	FALSE	1	1X-P6-C4
1X_P6	C05	16SP3X_000053	2016	Spring	Pond	Pond_3	FALSE	1	1X-P6-C5
1X_P6	C06	16SP1X_000013	2016	Spring	Pond	Pond_1	FALSE	1	1X-P6-C6
1X_P6	C07	18FBaX_G1P4O6	2018	Fall	Basin	Basin	FALSE	1	1X-P6-C7
1X_P6	C08	18SP1X_000046	2018	Spring	Pond	Pond_1	FALSE	1	1X-P6-C8
1X_P6	C09	16SP3X_000037	2016	Spring	Pond	Pond_3	FALSE	1	1X-P6-C9
1X_P6	C10	16FBaX_000015	2016	Fall	Basin	Basin	FALSE	1	1X-P6-C10
1X_P6	C11	18SP1X_000023	2018	Spring	Pond	Pond_1	FALSE	1	1X-P6-C11
1X_P6	C12	18SBaX_G1G3X0	2018	Spring	Basin	Basin	FALSE	1	1X-P6-C12
1X_P6	D01	18FP1X_G1O3O4	2018	Fall	Pond	Pond_1	FALSE	1	1X-P6-D1
1X_P6	D02	16SP3X_000025	2016	Spring	Pond	Pond_3	FALSE	1	1X-P6-D2
1X_P6	D03	18SP1X_O3O4X0	2018	Spring	Pond	Pond_1	FALSE	1	1X-P6-D3
1X_P6	D04	16SBaX_000014	2016	Spring	Basin	Basin	FALSE	1	1X-P6-D4
1X_P6	D05	18SBaX_G4R5X0	2018	Spring	Basin	Basin	FALSE	1	1X-P6-D5
1X_P6	D06	16SP1X_000016	2016	Spring	Pond	Pond_1	FALSE	1	1X-P6-D6
1X_P6	D07	16SBaX_000030	2016	Spring	Basin	Basin	FALSE	1	1X-P6-D7
1X_P6	D08	16FP3X_000017	2016	Fall	Pond	Pond_3	FALSE	1	1X-P6-D8
1X_P6	D09	18SP1X_P3R5X0	2018	Spring	Pond	Pond_1	FALSE	1	1X-P6-D9
1X_P6	D10	18SBaX_000025	2018	Spring	Basin	Basin	FALSE	1	1X-P6-D10
1X_P6	D11	16FP2X_000037	2016	Fall	Pond	Pond_2	FALSE	1	1X-P6-D11
1X_P6	D12	16FP1X_000042	2016	Fall	Pond	Pond_1	FALSE	1	1X-P6-D12
1X_P6	E01	16FP1X_000022	2016	Fall	Pond	Pond_1	FALSE	1	1X-P6-E1
1X_P6	E02	18SBaX_000029	2018	Spring	Basin	Basin	FALSE	1	1X-P6-E2
1X_P6	E03	16SP1X_000047	2016	Spring	Pond	Pond_1	FALSE	1	1X-P6-E3
1X_P6	E04	16FBaX_000011	2016	Fall	Basin	Basin	FALSE	1	1X-P6-E4
1X_P6	E05	16SP3X_000005	2016	Spring	Pond	Pond_3	FALSE	1	1X-P6-E5
1X_P6	E06	18SP4X_000022	2018	Spring	Pond	Pond_4	FALSE	1	1X-P6-E6
1X_P6	E07	18SP3X_R6G7X0	2018	Spring	Pond	Pond_3	FALSE	1	1X-P6-E7
1X_P6	E08	16FP1X_000014	2016	Fall	Pond	Pond_1	FALSE	1	1X-P6-E8
1X_P6	E09	18SBaX_000079	2018	Spring	Basin	Basin	FALSE	1	1X-P6-E9
1X_P6	E10	16SP2X_000036	2016	Spring	Pond	Pond_2	FALSE	1	1X-P6-E10
1X_P6	E11	16FBaX_000028	2016	Fall	Basin	Basin	FALSE	1	1X-P6-E11
1X_P6	E12	18SP1X_000031	2018	Spring	Pond	Pond_1	FALSE	1	1X-P6-E12
1X_P6	F01	16SP2X_000033	2016	Spring	Pond	Pond_2	FALSE	1	1X-P6-F1
1X_P6	F02	18FBaX_R1R3G4	2018	Fall	Basin	Basin	FALSE	1	1X-P6-F2
1X_P6	F03	16FP1X_000007	2016	Fall	Pond	Pond_1	FALSE	1	1X-P6-F3
1X_P6	F04	18SP3X_000010	2018	Spring	Pond	Pond_3	FALSE	1	1X-P6-F4
1X_P6	F05	16FBaX_000008	2016	Fall	Basin	Basin	FALSE	1	1X-P6-F5
1X_P6	F06	18SBaX_000078	2018	Spring	Basin	Basin	FALSE	1	1X-P6-F6
1X_P6	F07	16SP3X_000029	2016	Spring	Pond	Pond_3	FALSE	1	1X-P6-F7
1X_P6	F08	18SP4X_000001	2018	Spring	Pond	Pond_4	FALSE	1	1X-P6-F8
1X_P6	F09	16FP2X_000009	2016	Fall	Pond	Pond_2	FALSE	1	1X-P6-F9
1X_P6	F10	16SBaX_000042	2016	Spring	Basin	Basin	FALSE	1	1X-P6-F10
1X_P6	F11	18FP1X_R2G4P6	2018	Fall	Pond	Pond_1	FALSE	1	1X-P6-F11
1X_P6	F12	16FP2X_000030	2016	Fall	Pond	Pond_2	FALSE	1	1X-P6-F12
1X_P6	G01	18SP3X_O3G5X0	2018	Spring	Pond	Pond_3	FALSE	1	1X-P6-G1
1X_P6	G02	18SP4X_000028	2018	Spring	Pond	Pond_4	FALSE	1	1X-P6-G2
1X_P6	G03	16FP2X_000042	2016	Fall	Pond	Pond_2	FALSE	1	1X-P6-G3
1X_P6	G04	16FBaX_000018	2016	Fall	Basin	Basin	FALSE	1	1X-P6-G4
1X_P6	G05	16SP2X_000045	2016	Spring	Pond	Pond_2	FALSE	1	1X-P6-G5
1X_P6	G06	16FP3X_000018	2016	Fall	Pond	Pond_3	FALSE	1	1X-P6-G6
1X_P6	G07	18SBaX_000076	2018	Spring	Basin	Basin	FALSE	1	1X-P6-G7
1X_P6	G08	16SP3X_000052	2016	Spring	Pond	Pond_3	FALSE	1	1X-P6-G8
1X_P6	G09	18SP3X_000002	2018	Spring	Pond	Pond_3	FALSE	1	1X-P6-G9
1X_P6	G10	16SBaX_000006	2016	Spring	Basin	Basin	FALSE	1	1X-P6-G10
1X_P6	G11	16FP3X_000033	2016	Fall	Pond	Pond_3	FALSE	1	1X-P6-G11
1X_P6	G12	18FBaX_P1O2O4	2018	Fall	Basin	Basin	FALSE	1	1X-P6-G12
1X_P6	H01	16SBaX_000021	2016	Spring	Basin	Basin	FALSE	1	1X-P6-H1
1X_P6	H02	16FP3X_000011	2016	Fall	Pond	Pond_3	FALSE	1	1X-P6-H2
1X_P6	H03	18SBaX_000035	2018	Spring	Basin	Basin	FALSE	1	1X-P6-H3
1X_P6	H04	16SP1X_000005	2016	Spring	Pond	Pond_1	FALSE	1	1X-P6-H4
1X_P6	H05	18SBaX_000060	2018	Spring	Basin	Basin	FALSE	1	1X-P6-H5
1X_P6	H06	18SP1X_000008	2018	Spring	Pond	Pond_1	FALSE	1	1X-P6-H6
1X_P6	H07	16SP2X_000048	2016	Spring	Pond	Pond_2	FALSE	1	1X-P6-H7
1X_P6	H08	18FP3X_G2P4G6	2018	Fall	Pond	Pond_3	FALSE	1	1X-P6-H8
1X_P6	H09	16FP1X_000029	2016	Fall	Pond	Pond_1	FALSE	1	1X-P6-H9
1X_P6	H10	18SP4X_000017	2018	Spring	Pond	Pond_4	FALSE	1	1X-P6-H10
1X_P6	H11	18SBaX_000040	2018	Spring	Basin	Basin	FALSE	1	1X-P6-H11
1X_P6	H12	16SP1X_000030	2016	Spring	Pond	Pond_1	FALSE	1	1X-P6-H12
1X_P7	A01	16SP2X_000002	2016	Spring	Pond	Pond_2	FALSE	1	1X-P7-A1
1X_P7	A02	18SBaX_000001	2018	Spring	Basin	Basin	FALSE	1	1X-P7-A2
1X_P7	A03	16SP2X_000043	2016	Spring	Pond	Pond_2	FALSE	1	1X-P7-A3
1X_P7	A04	18FBaX_R1G3R4	2018	Fall	Basin	Basin	FALSE	1	1X-P7-A4
1X_P7	A05	16SP1X_000007	2016	Spring	Pond	Pond_1	FALSE	1	1X-P7-A5
1X_P7	A06	16FP3X_000015	2016	Fall	Pond	Pond_3	FALSE	1	1X-P7-A6
1X_P7	A07	18SP4X_000029	2018	Spring	Pond	Pond_4	FALSE	1	1X-P7-A7
1X_P7	A08	16FP1X_000001	2016	Fall	Pond	Pond_1	FALSE	1	1X-P7-A8
1X_P7	A09	16FBaX_000027	2016	Fall	Basin	Basin	FALSE	1	1X-P7-A9
1X_P7	A10	16SP3X_000033	2016	Spring	Pond	Pond_3	FALSE	1	1X-P7-A10
1X_P7	A11	16SBaX_000015	2016	Spring	Basin	Basin	FALSE	1	1X-P7-A11
1X_P7	A12	16SP1X_000041	2016	Spring	Pond	Pond_1	FALSE	1	1X-P7-A12
1X_P7	B01	18SP4X_000031	2018	Spring	Pond	Pond_4	FALSE	1	1X-P7-B1
1X_P7	B02	16SP3X_000007	2016	Spring	Pond	Pond_3	FALSE	1	1X-P7-B2
1X_P7	B03	18SP3X_000025	2018	Spring	Pond	Pond_3	FALSE	1	1X-P7-B3
1X_P7	B04	16SBaX_000051	2016	Spring	Basin	Basin	FALSE	1	1X-P7-B4
1X_P7	B05	18FP3X_R1G2G6	2018	Fall	Pond	Pond_3	FALSE	1	1X-P7-B5
1X_P7	B06	18SBaX_000053	2018	Spring	Basin	Basin	FALSE	1	1X-P7-B6
1X_P7	B07	16FP2X_000018	2016	Fall	Pond	Pond_2	FALSE	1	1X-P7-B7
1X_P7	B08	16SP2X_000046	2016	Spring	Pond	Pond_2	FALSE	1	1X-P7-B8
1X_P7	B09	18SBaX_000024	2018	Spring	Basin	Basin	FALSE	1	1X-P7-B9
1X_P7	B10	16FBaX_000024	2016	Fall	Basin	Basin	FALSE	1	1X-P7-B10
1X_P7	B11	18SBaX_000095	2018	Spring	Basin	Basin	FALSE	1	1X-P7-B11
1X_P7	B12	16SP2X_000026	2016	Spring	Pond	Pond_2	FALSE	1	1X-P7-B12
1X_P7	C01	16SP1X_000034	2016	Spring	Pond	Pond_1	FALSE	1	1X-P7-C1
1X_P7	C02	18SP4X_000005	2018	Spring	Pond	Pond_4	FALSE	1	1X-P7-C2
1X_P7	C03	16FBaX_000005	2016	Fall	Basin	Basin	FALSE	1	1X-P7-C3
1X_P7	C04	16FBaX_000033	2016	Fall	Basin	Basin	FALSE	1	1X-P7-C4
1X_P7	C05	16SP3X_000023	2016	Spring	Pond	Pond_3	FALSE	1	1X-P7-C5
1X_P7	C06	18SP4X_000016	2018	Spring	Pond	Pond_4	FALSE	1	1X-P7-C6
1X_P7	C07	18SP3X_000020	2018	Spring	Pond	Pond_3	FALSE	1	1X-P7-C7
1X_P7	C08	18SBaX_000083	2018	Spring	Basin	Basin	FALSE	1	1X-P7-C8
1X_P7	C09	16SP1X_000035	2016	Spring	Pond	Pond_1	FALSE	1	1X-P7-C9
1X_P7	C10	16SP2X_000025	2016	Spring	Pond	Pond_2	FALSE	1	1X-P7-C10
1X_P7	C11	16FP1X_000024	2016	Fall	Pond	Pond_1	FALSE	1	1X-P7-C11
1X_P7	C12	18FBaX_G2R3O4	2018	Fall	Basin	Basin	FALSE	1	1X-P7-C12
1X_P7	D01	16FP3X_000044	2016	Fall	Pond	Pond_3	FALSE	1	1X-P7-D1
1X_P7	D02	18SP3X_000033	2018	Spring	Pond	Pond_3	FALSE	1	1X-P7-D2
1X_P7	D03	16FP2X_000003	2016	Fall	Pond	Pond_2	FALSE	1	1X-P7-D3
1X_P7	D04	18FBaX_000001	2018	Fall	Basin	Basin	FALSE	1	1X-P7-D4
1X_P7	D05	18FBaX_G2R3G4	2018	Fall	Basin	Basin	FALSE	1	1X-P7-D5
1X_P7	D06	18SP1X_000015	2018	Spring	Pond	Pond_1	FALSE	1	1X-P7-D6
1X_P7	D07	16FP1X_000031	2016	Fall	Pond	Pond_1	FALSE	1	1X-P7-D7
1X_P7	D08	16SP3X_000020	2016	Spring	Pond	Pond_3	FALSE	1	1X-P7-D8
1X_P7	D09	18SP1X_000016	2018	Spring	Pond	Pond_1	FALSE	1	1X-P7-D9
1X_P7	D10	16SBaX_000035	2016	Spring	Basin	Basin	FALSE	1	1X-P7-D10
1X_P7	D11	18SBaX_000008	2018	Spring	Basin	Basin	FALSE	1	1X-P7-D11
1X_P7	D12	16SBaX_000020	2016	Spring	Basin	Basin	FALSE	1	1X-P7-D12
1X_P7	E01	18SBaX_000057	2018	Spring	Basin	Basin	FALSE	1	1X-P7-E1
1X_P7	E02	16SP1X_000002	2016	Spring	Pond	Pond_1	FALSE	1	1X-P7-E2
1X_P7	E03	18SP1X_000006	2018	Spring	Pond	Pond_1	FALSE	1	1X-P7-E3
1X_P7	E04	16SP2X_000021	2016	Spring	Pond	Pond_2	FALSE	1	1X-P7-E4
1X_P7	E05	18SP1X_O2P6X0	2018	Spring	Pond	Pond_1	FALSE	1	1X-P7-E5
1X_P7	E06	16FP3X_000035	2016	Fall	Pond	Pond_3	FALSE	1	1X-P7-E6
1X_P7	E07	18SBaX_000070	2018	Spring	Basin	Basin	FALSE	1	1X-P7-E7
1X_P7	E08	18SP1X_000035	2018	Spring	Pond	Pond_1	FALSE	1	1X-P7-E8
1X_P7	E09	16SBaX_000001	2016	Spring	Basin	Basin	FALSE	1	1X-P7-E9
1X_P7	E10	18FP1X_G3O5R6	2018	Fall	Pond	Pond_1	FALSE	1	1X-P7-E10
1X_P7	E11	16FP3X_000005	2016	Fall	Pond	Pond_3	FALSE	1	1X-P7-E11
1X_P7	E12	16SP3X_000036	2016	Spring	Pond	Pond_3	FALSE	1	1X-P7-E12
1X_P7	F01	16SBaX_000038	2016	Spring	Basin	Basin	FALSE	1	1X-P7-F1
1X_P7	F02	16SP3X_000001	2016	Spring	Pond	Pond_3	FALSE	1	1X-P7-F2
1X_P7	F03	18SBaX_000068	2018	Spring	Basin	Basin	FALSE	1	1X-P7-F3
1X_P7	F04	16FBaX_000001	2016	Fall	Basin	Basin	FALSE	1	1X-P7-F4
1X_P7	F05	16FP2X_000028	2016	Fall	Pond	Pond_2	FALSE	1	1X-P7-F5
1X_P7	F06	18SBaX_R6R7X0	2018	Spring	Basin	Basin	FALSE	1	1X-P7-F6
1X_P7	F07	16FP1X_000044	2016	Fall	Pond	Pond_1	FALSE	1	1X-P7-F7
1X_P7	F08	18SP3X_O6G7X0	2018	Spring	Pond	Pond_3	FALSE	1	1X-P7-F8
1X_P7	F09	16FP1X_000018	2016	Fall	Pond	Pond_1	FALSE	1	1X-P7-F9
1X_P7	F10	16FP2X_000006	2016	Fall	Pond	Pond_2	FALSE	1	1X-P7-F10
1X_P7	F11	16FBaX_000037	2016	Fall	Basin	Basin	FALSE	1	1X-P7-F11
1X_P7	F12	18SP1X_G1G2X0	2018	Spring	Pond	Pond_1	FALSE	1	1X-P7-F12
1X_P7	G01	16FP2X_000021	2016	Fall	Pond	Pond_2	FALSE	1	1X-P7-G1
1X_P7	G02	18SBaX_G2O7X0	2018	Spring	Basin	Basin	FALSE	1	1X-P7-G2
1X_P7	G03	16SBaX_000025	2016	Spring	Basin	Basin	FALSE	1	1X-P7-G3
1X_P7	G04	18SP1X_000043	2018	Spring	Pond	Pond_1	FALSE	1	1X-P7-G4
1X_P7	G05	18SP4X_000013	2018	Spring	Pond	Pond_4	FALSE	1	1X-P7-G5
1X_P7	G06	18SP3X_O1R7X0	2018	Spring	Pond	Pond_3	FALSE	1	1X-P7-G6
1X_P7	G07	18FBaX_P1G2R5	2018	Fall	Basin	Basin	FALSE	1	1X-P7-G7
1X_P7	G08	16SP3X_000043	2016	Spring	Pond	Pond_3	FALSE	1	1X-P7-G8
1X_P7	G09	18FP1X_000001	2018	Fall	Pond	Pond_1	FALSE	1	1X-P7-G9
1X_P7	G10	18SBaX_R1G6X0	2018	Spring	Basin	Basin	FALSE	1	1X-P7-G10
1X_P7	G11	18SP3X_000011	2018	Spring	Pond	Pond_3	FALSE	1	1X-P7-G11
1X_P7	G12	16SP1X_000028	2016	Spring	Pond	Pond_1	FALSE	1	1X-P7-G12
1X_P7	H01	18SP3X_000015	2018	Spring	Pond	Pond_3	FALSE	1	1X-P7-H1
1X_P7	H02	16FP3X_000039	2016	Fall	Pond	Pond_3	FALSE	1	1X-P7-H2
1X_P7	H03	18SBaX_000038	2018	Spring	Basin	Basin	FALSE	1	1X-P7-H3
1X_P7	H04	16FP3X_000021	2016	Fall	Pond	Pond_3	FALSE	1	1X-P7-H4
1X_P7	H05	18SBaX_000020	2018	Spring	Basin	Basin	FALSE	1	1X-P7-H5
1X_P7	H06	16FP2X_000044	2016	Fall	Pond	Pond_2	FALSE	1	1X-P7-H6
1X_P7	H07	18FP4X_P4R5R6	2018	Fall	Pond	Pond_4	FALSE	1	1X-P7-H7
1X_P7	H08	18SBaX_G3G5X0	2018	Spring	Basin	Basin	FALSE	1	1X-P7-H8
1X_P7	H09	16FP1X_000038	2016	Fall	Pond	Pond_1	FALSE	1	1X-P7-H9
1X_P7	H10	16SP1X_000040	2016	Spring	Pond	Pond_1	FALSE	1	1X-P7-H10
1X_P7	H11	16SP2X_000005	2016	Spring	Pond	Pond_2	FALSE	1	1X-P7-H11
1X_P7	H12	18SBaX_000050	2018	Spring	Basin	Basin	FALSE	1	1X-P7-H12
1X_P8	A01	16FP2X_000004	2016	Fall	Pond	Pond_2	FALSE	1	1X-P8-A1
1X_P8	A02	18SP3X_000012	2018	Spring	Pond	Pond_3	FALSE	1	1X-P8-A2
1X_P8	A03	16FP2X_000008	2016	Fall	Pond	Pond_2	FALSE	1	1X-P8-A3
1X_P8	A04	18SBaX_000026	2018	Spring	Basin	Basin	FALSE	1	1X-P8-A4
1X_P8	A05	16SBaX_000011	2016	Spring	Basin	Basin	FALSE	1	1X-P8-A5
1X_P8	A06	16FP3X_000003	2016	Fall	Pond	Pond_3	FALSE	1	1X-P8-A6
1X_P8	A07	18SP1X_000007	2018	Spring	Pond	Pond_1	FALSE	1	1X-P8-A7
1X_P8	A08	16SP1X_000010	2016	Spring	Pond	Pond_1	FALSE	1	1X-P8-A8
1X_P8	A09	16SP3X_000038	2016	Spring	Pond	Pond_3	FALSE	1	1X-P8-A9
1X_P8	A10	16SP2X_000041	2016	Spring	Pond	Pond_2	FALSE	1	1X-P8-A10
1X_P8	A11	16FP1X_000026	2016	Fall	Pond	Pond_1	FALSE	1	1X-P8-A11
1X_P8	A12	16SP2X_000051	2016	Spring	Pond	Pond_2	FALSE	1	1X-P8-A12
1X_P8	B01	18SBaX_000039	2018	Spring	Basin	Basin	FALSE	1	1X-P8-B1
1X_P8	B02	16SBaX_000032	2016	Spring	Basin	Basin	FALSE	1	1X-P8-B2
1X_P8	B03	18SBaX_000037	2018	Spring	Basin	Basin	FALSE	1	1X-P8-B3
1X_P8	B04	16FP3X_000027	2016	Fall	Pond	Pond_3	FALSE	1	1X-P8-B4
1X_P8	B05	18SP1X_R2P4X0	2018	Spring	Pond	Pond_1	FALSE	1	1X-P8-B5
1X_P8	B06	18SBaX_000096	2018	Spring	Basin	Basin	FALSE	1	1X-P8-B6
1X_P8	B07	16FP1X_000004	2016	Fall	Pond	Pond_1	FALSE	1	1X-P8-B7
1X_P8	B08	18FP3X_R1R2P4	2018	Fall	Pond	Pond_3	FALSE	1	1X-P8-B8
1X_P8	B09	16SBaX_000044	2016	Spring	Basin	Basin	FALSE	1	1X-P8-B9
1X_P8	B10	18FP1X_R1G2P5	2018	Fall	Pond	Pond_1	FALSE	1	1X-P8-B10
1X_P8	B11	16FP3X_000006	2016	Fall	Pond	Pond_3	FALSE	1	1X-P8-B11
1X_P8	B12	16SP3X_000040	2016	Spring	Pond	Pond_3	FALSE	1	1X-P8-B12
1X_P8	C01	16FP1X_000003	2016	Fall	Pond	Pond_1	FALSE	1	1X-P8-C1
1X_P8	C02	18FP4X_O1P2G4	2018	Fall	Pond	Pond_4	FALSE	1	1X-P8-C2
1X_P8	C03	16SP3X_000045	2016	Spring	Pond	Pond_3	FALSE	1	1X-P8-C3
1X_P8	C04	18SP3X_000024	2018	Spring	Pond	Pond_3	FALSE	1	1X-P8-C4
1X_P8	C05	16FBaX_000023	2016	Fall	Basin	Basin	FALSE	1	1X-P8-C5
1X_P8	C06	16FP2X_000023	2016	Fall	Pond	Pond_2	FALSE	1	1X-P8-C6
1X_P8	C07	18SBaX_G1P3X0	2018	Spring	Basin	Basin	FALSE	1	1X-P8-C7
1X_P8	C08	16FP2X_000014	2016	Fall	Pond	Pond_2	FALSE	1	1X-P8-C8
1X_P8	C09	18SBaX_000023	2018	Spring	Basin	Basin	FALSE	1	1X-P8-C9
1X_P8	C10	16FP2X_000036	2016	Fall	Pond	Pond_2	FALSE	1	1X-P8-C10
1X_P8	C11	18SP1X_000025	2018	Spring	Pond	Pond_1	FALSE	1	1X-P8-C11
1X_P8	C12	16SBaX_000009	2016	Spring	Basin	Basin	FALSE	1	1X-P8-C12
1X_P8	D01	16SP3X_000012	2016	Spring	Pond	Pond_3	FALSE	1	1X-P8-D1
1X_P8	D02	16SP2X_000020	2016	Spring	Pond	Pond_2	FALSE	1	1X-P8-D2
1X_P8	D03	16FP1X_000037	2016	Fall	Pond	Pond_1	FALSE	1	1X-P8-D3
1X_P8	D04	18SP1X_000044	2018	Spring	Pond	Pond_1	FALSE	1	1X-P8-D4
1X_P8	D05	16FP3X_000014	2016	Fall	Pond	Pond_3	FALSE	1	1X-P8-D5
1X_P8	D06	18FP4X_P2R4O6	2018	Fall	Pond	Pond_4	FALSE	1	1X-P8-D6
1X_P8	D07	18SP3X_P6P7X0	2018	Spring	Pond	Pond_3	FALSE	1	1X-P8-D7
1X_P8	D08	18SP1X_000028	2018	Spring	Pond	Pond_1	FALSE	1	1X-P8-D8
1X_P8	D09	16FP1X_000034	2016	Fall	Pond	Pond_1	FALSE	1	1X-P8-D9
1X_P8	D10	18SP1X_000039	2018	Spring	Pond	Pond_1	FALSE	1	1X-P8-D10
1X_P8	D11	16SP1X_000032	2016	Spring	Pond	Pond_1	FALSE	1	1X-P8-D11
1X_P8	D12	18SP3X_G4G6X0	2018	Spring	Pond	Pond_3	FALSE	1	1X-P8-D12
1X_P8	E01	18FP1X_P1O4R6	2018	Fall	Pond	Pond_1	FALSE	1	1X-P8-E1
1X_P8	E02	16SP1X_000003	2016	Spring	Pond	Pond_1	FALSE	1	1X-P8-E2
1X_P8	E03	16FP3X_000025	2016	Fall	Pond	Pond_3	FALSE	1	1X-P8-E3
1X_P8	E04	16SP1X_000018	2016	Spring	Pond	Pond_1	FALSE	1	1X-P8-E4
1X_P8	E05	18SBaX_000056	2018	Spring	Basin	Basin	FALSE	1	1X-P8-E5
1X_P8	E06	18SP1X_P2P7X0	2018	Spring	Pond	Pond_1	FALSE	1	1X-P8-E6
1X_P8	E07	16SP1X_000051	2016	Spring	Pond	Pond_1	FALSE	1	1X-P8-E7
1X_P8	E08	18SBaX_O1O2X0	2018	Spring	Basin	Basin	FALSE	1	1X-P8-E8
1X_P8	E09	16SP3X_000051	2016	Spring	Pond	Pond_3	FALSE	1	1X-P8-E9
1X_P8	E10	18SP3X_000026	2018	Spring	Pond	Pond_3	FALSE	1	1X-P8-E10
1X_P8	E11	16SP2X_000001	2016	Spring	Pond	Pond_2	FALSE	1	1X-P8-E11
1X_P8	E12	16FP2X_000017	2016	Fall	Pond	Pond_2	FALSE	1	1X-P8-E12
1X_P8	F01	16FBaX_000035	2016	Fall	Basin	Basin	FALSE	1	1X-P8-F1
1X_P8	F02	16SP3X_000026	2016	Spring	Pond	Pond_3	FALSE	1	1X-P8-F2
1X_P8	F03	16SBaX_000004	2016	Spring	Basin	Basin	FALSE	1	1X-P8-F3
1X_P8	F04	18SP3X_G3R4X0	2018	Spring	Pond	Pond_3	FALSE	1	1X-P8-F4
1X_P8	F05	16SP2X_000039	2016	Spring	Pond	Pond_2	FALSE	1	1X-P8-F5
1X_P8	F06	16SBaX_000052	2016	Spring	Basin	Basin	FALSE	1	1X-P8-F6
1X_P8	F07	18SBaX_P1G3X0	2018	Spring	Basin	Basin	FALSE	1	1X-P8-F7
1X_P8	F08	16FP2X_000026	2016	Fall	Pond	Pond_2	FALSE	1	1X-P8-F8
1X_P8	F09	18FP4X_G1R3R6	2018	Fall	Pond	Pond_4	FALSE	1	1X-P8-F9
1X_P8	F10	16SP2X_000006	2016	Spring	Pond	Pond_2	FALSE	1	1X-P8-F10
1X_P8	F11	16FP1X_000030	2016	Fall	Pond	Pond_1	FALSE	1	1X-P8-F11
1X_P8	F12	18SP1X_000041	2018	Spring	Pond	Pond_1	FALSE	1	1X-P8-F12
1X_P8	G01	18SBaX_000081	2018	Spring	Basin	Basin	FALSE	1	1X-P8-G1
1X_P8	G02	18SP1X_000029	2018	Spring	Pond	Pond_1	FALSE	1	1X-P8-G2
1X_P8	G03	16SBaX_000048	2016	Spring	Basin	Basin	FALSE	1	1X-P8-G3
1X_P8	G04	16FP3X_000022	2016	Fall	Pond	Pond_3	FALSE	1	1X-P8-G4
1X_P8	G05	18SBaX_000042	2018	Spring	Basin	Basin	FALSE	1	1X-P8-G5
1X_P8	G06	18SP3X_000021	2018	Spring	Pond	Pond_3	FALSE	1	1X-P8-G6
1X_P8	G07	18FP1X_G1P5G6	2018	Fall	Pond	Pond_1	FALSE	1	1X-P8-G7
1X_P8	G08	18SBaX_R2R6X0	2018	Spring	Basin	Basin	FALSE	1	1X-P8-G8
1X_P8	G09	16FBaX_000003	2016	Fall	Basin	Basin	FALSE	1	1X-P8-G9
1X_P8	G10	18FP3X_P2P5R6	2018	Fall	Pond	Pond_3	FALSE	1	1X-P8-G10
1X_P8	G11	18SBaX_O6O7X0	2018	Spring	Basin	Basin	FALSE	1	1X-P8-G11
1X_P8	G12	16FP3X_000029	2016	Fall	Pond	Pond_3	FALSE	1	1X-P8-G12
1X_P8	H01	16FP2X_000033	2016	Fall	Pond	Pond_2	FALSE	1	1X-P8-H1
1X_P8	H02	18SP1X_P2P4X0	2018	Spring	Pond	Pond_1	FALSE	1	1X-P8-H2
1X_P8	H03	16SP2X_000009	2016	Spring	Pond	Pond_2	FALSE	1	1X-P8-H3
1X_P8	H04	16SP3X_000048	2016	Spring	Pond	Pond_3	FALSE	1	1X-P8-H4
1X_P8	H05	16SP1X_000053	2016	Spring	Pond	Pond_1	FALSE	1	1X-P8-H5
1X_P8	H06	18SP3X_000008	2018	Spring	Pond	Pond_3	FALSE	1	1X-P8-H6
1X_P8	H07	16FP1X_000009	2016	Fall	Pond	Pond_1	FALSE	1	1X-P8-H7
1X_P8	H08	18SBaX_G5R7X0	2018	Spring	Basin	Basin	FALSE	1	1X-P8-H8
1X_P8	H09	18SP3X_000009	2018	Spring	Pond	Pond_3	FALSE	1	1X-P8-H9
1X_P8	H10	16SP1X_000044	2016	Spring	Pond	Pond_1	FALSE	1	1X-P8-H10
1X_P8	H11	16FP3X_000043	2016	Fall	Pond	Pond_3	FALSE	1	1X-P8-H11
1X_P8	H12	16FP1X_000016	2016	Fall	Pond	Pond_1	FALSE	1	1X-P8-H12
5X_P1	A01	18FP3P_P2R3R5	2018	Fall	Pond	Pond_3	TRUE	5	5X-P1-A1
5X_P1	A02	18FBaP_G1P2G5	2018	Fall	Basin	Basin	TRUE	5	5X-P1-A2
5X_P1	A03	18FP3P_G2R4G6	2018	Fall	Pond	Pond_3	TRUE	5	5X-P1-A3
5X_P1	A04	18FP4P_O2O4P5	2018	Fall	Pond	Pond_4	TRUE	5	5X-P1-A4
5X_P1	A05	18FP1P_R1G3G6	2018	Fall	Pond	Pond_1	TRUE	5	5X-P1-A5
5X_P1	A06	18FP4P_G1G5G6	2018	Fall	Pond	Pond_4	TRUE	5	5X-P1-A6
5X_P1	A07	18FBaP_R2P4O6	2018	Fall	Basin	Basin	TRUE	5	5X-P1-A7
5X_P1	A08	18FP3P_G1R4P5	2018	Fall	Pond	Pond_3	TRUE	5	5X-P1-A8
5X_P1	A09	18FP3P_P2G3G5	2018	Fall	Pond	Pond_3	TRUE	5	5X-P1-A9
5X_P1	A10	18FBaP_P1P2R6	2018	Fall	Basin	Basin	TRUE	5	5X-P1-A10
5X_P1	A11	18FP4P_R4G5O6	2018	Fall	Pond	Pond_4	TRUE	5	5X-P1-A11
5X_P1	A12	18FBaP_O3O4P5	2018	Fall	Basin	Basin	TRUE	5	5X-P1-A12
5X_P1	B01	18FBaP_G1O5G6	2018	Fall	Basin	Basin	TRUE	5	5X-P1-B1
5X_P1	B02	18FP4P_R4P5O6	2018	Fall	Pond	Pond_4	TRUE	5	5X-P1-B2
5X_P1	B03	18FBaP_G2O4P6	2018	Fall	Basin	Basin	TRUE	5	5X-P1-B3
5X_P1	B04	18FBaP_O2P3P4	2018	Fall	Basin	Basin	TRUE	5	5X-P1-B4
5X_P1	B05	18FP1P_G1O2O5	2018	Fall	Pond	Pond_1	TRUE	5	5X-P1-B5
5X_P1	B06	18FBaP_R1G5O6	2018	Fall	Basin	Basin	TRUE	5	5X-P1-B6
5X_P1	B07	18FP1P_G2R3P4	2018	Fall	Pond	Pond_1	TRUE	5	5X-P1-B7
5X_P1	B08	18FBaP_P3R5O6	2018	Fall	Basin	Basin	TRUE	5	5X-P1-B8
5X_P1	B09	18FBaP_O1G5P6	2018	Fall	Basin	Basin	TRUE	5	5X-P1-B9
5X_P1	B10	18FBaP_P3G4R5	2018	Fall	Basin	Basin	TRUE	5	5X-P1-B10
5X_P1	B11	18FP1P_R2G4O5	2018	Fall	Pond	Pond_1	TRUE	5	5X-P1-B11
5X_P1	B12	18FP4P_P1G2O5	2018	Fall	Pond	Pond_4	TRUE	5	5X-P1-B12
5X_P1	C01	18FBaP_P1O2O6	2018	Fall	Basin	Basin	TRUE	5	5X-P1-C1
5X_P1	C02	18FP1P_R1G2R3	2018	Fall	Pond	Pond_1	TRUE	5	5X-P1-C2
5X_P1	C03	18FP3P_O1O2O5	2018	Fall	Pond	Pond_3	TRUE	5	5X-P1-C3
5X_P1	C04	18FP2P_G2P3O5	2018	Fall	Pond	Pond_2	TRUE	5	5X-P1-C4
5X_P1	C05	18FBaP_R2O3R4	2018	Fall	Basin	Basin	TRUE	5	5X-P1-C5
5X_P1	C06	18FP1P_G1P3G6	2018	Fall	Pond	Pond_1	TRUE	5	5X-P1-C6
5X_P1	C07	18FP4P_P1R5P6	2018	Fall	Pond	Pond_4	TRUE	5	5X-P1-C7
5X_P1	C08	18FBaP_G4O5R6	2018	Fall	Basin	Basin	TRUE	5	5X-P1-C8
5X_P1	C09	18FP1P_O2G5G6	2018	Fall	Pond	Pond_1	TRUE	5	5X-P1-C9
5X_P1	C10	18FP4P_O1R3G6	2018	Fall	Pond	Pond_4	TRUE	5	5X-P1-C10
5X_P1	C11	18FBaP_R1P2P3	2018	Fall	Basin	Basin	TRUE	5	5X-P1-C11
5X_P1	C12	18FP1P_G1G3P4	2018	Fall	Pond	Pond_1	TRUE	5	5X-P1-C12
5X_P1	D01	18FP4P_P1O2G5	2018	Fall	Pond	Pond_4	TRUE	5	5X-P1-D1
5X_P1	D02	18FBaP_G2P5O6	2018	Fall	Basin	Basin	TRUE	5	5X-P1-D2
5X_P1	D03	18FBaP_G3G4O6	2018	Fall	Basin	Basin	TRUE	5	5X-P1-D3
5X_P1	D04	18FBaP_O2G4R5	2018	Fall	Basin	Basin	TRUE	5	5X-P1-D4
5X_P1	D05	18FBaP_G3P5G6	2018	Fall	Basin	Basin	TRUE	5	5X-P1-D5
5X_P1	D06	18FP3P_G2G3G5	2018	Fall	Pond	Pond_3	TRUE	5	5X-P1-D6
5X_P1	D07	18FBaP_P2R3G4	2018	Fall	Basin	Basin	TRUE	5	5X-P1-D7
5X_P1	D08	18FP3P_R1P3P5	2018	Fall	Pond	Pond_3	TRUE	5	5X-P1-D8
5X_P1	D09	18FBaP_R1R5R6	2018	Fall	Basin	Basin	TRUE	5	5X-P1-D9
5X_P1	D10	18FBaP_G1G3O4	2018	Fall	Basin	Basin	TRUE	5	5X-P1-D10
5X_P1	D11	18FP3P_G2R5O6	2018	Fall	Pond	Pond_3	TRUE	5	5X-P1-D11
5X_P1	D12	18FBaP_R2O3P5	2018	Fall	Basin	Basin	TRUE	5	5X-P1-D12
5X_P1	E01	18FBaP_R1G3G4	2018	Fall	Basin	Basin	TRUE	5	5X-P1-E1
5X_P1	E02	18FP1P_R3G5R6	2018	Fall	Pond	Pond_1	TRUE	5	5X-P1-E2
5X_P1	E03	18FP3P_O2R3O5	2018	Fall	Pond	Pond_3	TRUE	5	5X-P1-E3
5X_P1	E04	18FP1P_R1G4G5	2018	Fall	Pond	Pond_1	TRUE	5	5X-P1-E4
5X_P1	E05	18FP4P_P3G5G6	2018	Fall	Pond	Pond_4	TRUE	5	5X-P1-E5
5X_P1	E06	18FBaP_G1P4P5	2018	Fall	Basin	Basin	TRUE	5	5X-P1-E6
5X_P1	E07	18FP1P_G3O5O6	2018	Fall	Pond	Pond_1	TRUE	5	5X-P1-E7
5X_P1	E08	18FBaP_R4G5G6	2018	Fall	Basin	Basin	TRUE	5	5X-P1-E8
5X_P1	E09	18FBaP_G3P4P6	2018	Fall	Basin	Basin	TRUE	5	5X-P1-E9
5X_P1	E10	18FP3P_O2P5P6	2018	Fall	Pond	Pond_3	TRUE	5	5X-P1-E10
5X_P1	E11	18FBaP_O3P4G5	2018	Fall	Basin	Basin	TRUE	5	5X-P1-E11
5X_P1	E12	18FP4P_G2G3P6	2018	Fall	Pond	Pond_4	TRUE	5	5X-P1-E12
5X_P1	F01	18FP3P_R2R5O6	2018	Fall	Pond	Pond_3	TRUE	5	5X-P1-F1
5X_P1	F02	18FP4P_O2R3R6	2018	Fall	Pond	Pond_4	TRUE	5	5X-P1-F2
5X_P1	F03	18FBaP_P1P3R6	2018	Fall	Basin	Basin	TRUE	5	5X-P1-F3
5X_P1	F04	18FP1P_G1G4G5	2018	Fall	Pond	Pond_1	TRUE	5	5X-P1-F4
5X_P1	F05	18FBaP_R1G5G6	2018	Fall	Basin	Basin	TRUE	5	5X-P1-F5
5X_P1	F06	18FP1P_G2P4O5	2018	Fall	Pond	Pond_1	TRUE	5	5X-P1-F6
5X_P1	F07	18FBaP_P2R4R5	2018	Fall	Basin	Basin	TRUE	5	5X-P1-F7
5X_P1	F08	18FP3P_R2G3R5	2018	Fall	Pond	Pond_3	TRUE	5	5X-P1-F8
5X_P1	F09	18FP4P_R1O2R6	2018	Fall	Pond	Pond_4	TRUE	5	5X-P1-F9
5X_P1	F10	18FBaP_R2R4G6	2018	Fall	Basin	Basin	TRUE	5	5X-P1-F10
5X_P1	F11	18FP1P_R3O4G5	2018	Fall	Pond	Pond_1	TRUE	5	5X-P1-F11
5X_P1	F12	18FBaP_O2P3O5	2018	Fall	Basin	Basin	TRUE	5	5X-P1-F12
5X_P1	G01	18FBaP_O2O5G6	2018	Fall	Basin	Basin	TRUE	5	5X-P1-G1
5X_P1	G02	18FP1P_G1O3P6	2018	Fall	Pond	Pond_1	TRUE	5	5X-P1-G2
5X_P1	G03	18FBaP_G2R3O6	2018	Fall	Basin	Basin	TRUE	5	5X-P1-G3
5X_P1	G04	18FP4P_O1G2P5	2018	Fall	Pond	Pond_4	TRUE	5	5X-P1-G4
5X_P1	G05	18FBaP_G2R4G5	2018	Fall	Basin	Basin	TRUE	5	5X-P1-G5
5X_P1	G06	18FBaP_R1O2G4	2018	Fall	Basin	Basin	TRUE	5	5X-P1-G6
5X_P1	G07	18FP4P_G4P5R6	2018	Fall	Pond	Pond_4	TRUE	5	5X-P1-G7
5X_P1	G08	18FBaP_G3O4R6	2018	Fall	Basin	Basin	TRUE	5	5X-P1-G8
5X_P1	G09	18FP1P_G1P3O5	2018	Fall	Pond	Pond_1	TRUE	5	5X-P1-G9
5X_P1	G10	18FBaP_R2R3O5	2018	Fall	Basin	Basin	TRUE	5	5X-P1-G10
5X_P1	G11	18FP4P_P1R2O5	2018	Fall	Pond	Pond_4	TRUE	5	5X-P1-G11
5X_P1	G12	18FP1P_O1G4R5	2018	Fall	Pond	Pond_1	TRUE	5	5X-P1-G12
5X_P1	H01	18FP4P_G1G3R4	2018	Fall	Pond	Pond_4	TRUE	5	5X-P1-H1
5X_P1	H02	18FBaP_R2G4R5	2018	Fall	Basin	Basin	TRUE	5	5X-P1-H2
5X_P1	H03	18FP1P_O3G4G6	2018	Fall	Pond	Pond_1	TRUE	5	5X-P1-H3
5X_P1	H04	18FBaP_P1R2G6	2018	Fall	Basin	Basin	TRUE	5	5X-P1-H4
5X_P1	H05	18FP3P_O2G3R5	2018	Fall	Pond	Pond_3	TRUE	5	5X-P1-H5
5X_P1	H06	18FP1P_O1G3R5	2018	Fall	Pond	Pond_1	TRUE	5	5X-P1-H6
5X_P1	H07	18FBaP_P1G2P3	2018	Fall	Basin	Basin	TRUE	5	5X-P1-H7
5X_P1	H08	18FP1P_R3P4O5	2018	Fall	Pond	Pond_1	TRUE	5	5X-P1-H8
5X_P1	H09	18FBaP_R1O3G6	2018	Fall	Basin	Basin	TRUE	5	5X-P1-H9
5X_P1	H10	18FP3P_P1P2R5	2018	Fall	Pond	Pond_3	TRUE	5	5X-P1-H10
5X_P1	H11	18FBaP_R1G2G4	2018	Fall	Basin	Basin	TRUE	5	5X-P1-H11
5X_P1	H12	18FBaP_O1P2O3	2018	Fall	Basin	Basin	TRUE	5	5X-P1-H12
5X_P2	A01	18FP4P_P1G5G6	2018	Fall	Pond	Pond_4	TRUE	5	5X-P2-A1
5X_P2	A02	18FBaP_P1G3R4	2018	Fall	Basin	Basin	TRUE	5	5X-P2-A2
5X_P2	A03	18FBaP_O1G2R6	2018	Fall	Basin	Basin	TRUE	5	5X-P2-A3
5X_P2	A04	18FP3P_P1O5G6	2018	Fall	Pond	Pond_3	TRUE	5	5X-P2-A4
5X_P2	A05	18FBaP_O3R4R5	2018	Fall	Basin	Basin	TRUE	5	5X-P2-A5
5X_P2	A06	18FP4P_R1P3G6	2018	Fall	Pond	Pond_4	TRUE	5	5X-P2-A6
5X_P2	A07	18FBaP_P1G2R6	2018	Fall	Basin	Basin	TRUE	5	5X-P2-A7
5X_P2	A08	18FP1P_P1G2G4	2018	Fall	Pond	Pond_1	TRUE	5	5X-P2-A8
5X_P2	A09	18FP4P_O2R4G6	2018	Fall	Pond	Pond_4	TRUE	5	5X-P2-A9
5X_P2	A10	18FP1P_O1R3R5	2018	Fall	Pond	Pond_1	TRUE	5	5X-P2-A10
5X_P2	A11	18FBaP_O1R4O5	2018	Fall	Basin	Basin	TRUE	5	5X-P2-A11
5X_P2	A12	18FP3P_O1R4G6	2018	Fall	Pond	Pond_3	TRUE	5	5X-P2-A12
5X_P2	B01	18FBaP_G2O3O5	2018	Fall	Basin	Basin	TRUE	5	5X-P2-B1
5X_P2	B02	18FP1P_R2R3G4	2018	Fall	Pond	Pond_1	TRUE	5	5X-P2-B2
5X_P2	B03	18FP4P_R3R4O5	2018	Fall	Pond	Pond_4	TRUE	5	5X-P2-B3
5X_P2	B04	18FBaP_O1G2R4	2018	Fall	Basin	Basin	TRUE	5	5X-P2-B4
5X_P2	B05	18FP3P_R3O4R5	2018	Fall	Pond	Pond_3	TRUE	5	5X-P2-B5
5X_P2	B06	18FP1P_R4G5P6	2018	Fall	Pond	Pond_1	TRUE	5	5X-P2-B6
5X_P2	B07	18FP3P_R2O3R6	2018	Fall	Pond	Pond_3	TRUE	5	5X-P2-B7
5X_P2	B08	18FBaP_O1P3G6	2018	Fall	Basin	Basin	TRUE	5	5X-P2-B8
5X_P2	B09	18FP1P_O2O4P6	2018	Fall	Pond	Pond_1	TRUE	5	5X-P2-B9
5X_P2	B10	18FBaP_O1G2R3	2018	Fall	Basin	Basin	TRUE	5	5X-P2-B10
5X_P2	B11	18FP4P_R3O4G6	2018	Fall	Pond	Pond_4	TRUE	5	5X-P2-B11
5X_P2	B12	18FBaP_R1P2G6	2018	Fall	Basin	Basin	TRUE	5	5X-P2-B12
5X_P2	C01	18FP4P_O1R3P4	2018	Fall	Pond	Pond_4	TRUE	5	5X-P2-C1
5X_P2	C02	18FBaP_G2O4G5	2018	Fall	Basin	Basin	TRUE	5	5X-P2-C2
5X_P2	C03	18FBaP_O2O3R5	2018	Fall	Basin	Basin	TRUE	5	5X-P2-C3
5X_P2	C04	18FP1P_R4P5P6	2018	Fall	Pond	Pond_1	TRUE	5	5X-P2-C4
5X_P2	C05	18FP1P_P4R5O6	2018	Fall	Pond	Pond_1	TRUE	5	5X-P2-C5
5X_P2	C06	18FBaP_G4O5G6	2018	Fall	Basin	Basin	TRUE	5	5X-P2-C6
5X_P2	C07	18FBaP_O2G4G5	2018	Fall	Basin	Basin	TRUE	5	5X-P2-C7
5X_P2	C08	18FP3P_P4P5O6	2018	Fall	Pond	Pond_3	TRUE	5	5X-P2-C8
5X_P2	C09	18FBaP_O1G2O3	2018	Fall	Basin	Basin	TRUE	5	5X-P2-C9
5X_P2	C10	18FP3P_P2G5O6	2018	Fall	Pond	Pond_3	TRUE	5	5X-P2-C10
5X_P2	C11	18FBaP_P3G4G6	2018	Fall	Basin	Basin	TRUE	5	5X-P2-C11
5X_P2	C12	18FP4P_O2O3R6	2018	Fall	Pond	Pond_4	TRUE	5	5X-P2-C12
5X_P2	D01	18FBaP_O2O3P6	2018	Fall	Basin	Basin	TRUE	5	5X-P2-D1
5X_P2	D02	18FP1P_R2R3P5	2018	Fall	Pond	Pond_1	TRUE	5	5X-P2-D2
5X_P2	D03	18FP3P_R2O4P6	2018	Fall	Pond	Pond_3	TRUE	5	5X-P2-D3
5X_P2	D04	18FP4P_G2O4O5	2018	Fall	Pond	Pond_4	TRUE	5	5X-P2-D4
5X_P2	D05	18FBaP_R2R4O5	2018	Fall	Basin	Basin	TRUE	5	5X-P2-D5
5X_P2	D06	18FP4P_P2G5P6	2018	Fall	Pond	Pond_4	TRUE	5	5X-P2-D6
5X_P2	D07	18FP1P_P3R4O5	2018	Fall	Pond	Pond_1	TRUE	5	5X-P2-D7
5X_P2	D08	18FBaP_G1R2R3	2018	Fall	Basin	Basin	TRUE	5	5X-P2-D8
5X_P2	D09	18FP4P_R1P4G5	2018	Fall	Pond	Pond_4	TRUE	5	5X-P2-D9
5X_P2	D10	18FBaP_R2O4R5	2018	Fall	Basin	Basin	TRUE	5	5X-P2-D10
5X_P2	D11	18FP3P_G1O3P4	2018	Fall	Pond	Pond_3	TRUE	5	5X-P2-D11
5X_P2	D12	18FBaP_P4P5R6	2018	Fall	Basin	Basin	TRUE	5	5X-P2-D12
5X_P2	E01	18FP1P_P1G4G6	2018	Fall	Pond	Pond_1	TRUE	5	5X-P2-E1
5X_P2	E02	18FP4P_R1G2R4	2018	Fall	Pond	Pond_4	TRUE	5	5X-P2-E2
5X_P2	E03	18FBaP_O1G5G6	2018	Fall	Basin	Basin	TRUE	5	5X-P2-E3
5X_P2	E04	18FBaP_R2P3R6	2018	Fall	Basin	Basin	TRUE	5	5X-P2-E4
5X_P2	E05	18FP1P_O1O2G6	2018	Fall	Pond	Pond_1	TRUE	5	5X-P2-E5
5X_P2	E06	18FBaP_G4P5O6	2018	Fall	Basin	Basin	TRUE	5	5X-P2-E6
5X_P2	E07	18FBaP_O1O2P3	2018	Fall	Basin	Basin	TRUE	5	5X-P2-E7
5X_P2	E08	18FP1P_G1G4O5	2018	Fall	Pond	Pond_1	TRUE	5	5X-P2-E8
5X_P2	E09	18FBaP_R2O3G5	2018	Fall	Basin	Basin	TRUE	5	5X-P2-E9
5X_P2	E10	18FBaP_R1G4O6	2018	Fall	Basin	Basin	TRUE	5	5X-P2-E10
5X_P2	E11	18FBaP_P1G5R6	2018	Fall	Basin	Basin	TRUE	5	5X-P2-E11
5X_P2	E12	18FP3P_G2P5R6	2018	Fall	Pond	Pond_3	TRUE	5	5X-P2-E12
5X_P2	F01	18FBaP_R1G5R6	2018	Fall	Basin	Basin	TRUE	5	5X-P2-F1
5X_P2	F02	18FBaP_R2R4O6	2018	Fall	Basin	Basin	TRUE	5	5X-P2-F2
5X_P2	F03	18FP1P_R1O4R6	2018	Fall	Pond	Pond_1	TRUE	5	5X-P2-F3
5X_P2	F04	18FP3P_O2R4O6	2018	Fall	Pond	Pond_3	TRUE	5	5X-P2-F4
5X_P2	F05	18FP3P_O2O3R4	2018	Fall	Pond	Pond_3	TRUE	5	5X-P2-F5
5X_P2	F06	18FBaP_R2P4P5	2018	Fall	Basin	Basin	TRUE	5	5X-P2-F6
5X_P2	F07	18FP4P_G1G2P6	2018	Fall	Pond	Pond_4	TRUE	5	5X-P2-F7
5X_P2	F08	18FBaP_G2P3G4	2018	Fall	Basin	Basin	TRUE	5	5X-P2-F8
5X_P2	F09	18FP3P_R2R3R5	2018	Fall	Pond	Pond_3	TRUE	5	5X-P2-F9
5X_P2	F10	18FP4P_R1G2G3	2018	Fall	Pond	Pond_4	TRUE	5	5X-P2-F10
5X_P2	F11	18FP1P_R2O4R6	2018	Fall	Pond	Pond_1	TRUE	5	5X-P2-F11
5X_P2	F12	18FBaP_O3P4R5	2018	Fall	Basin	Basin	TRUE	5	5X-P2-F12
5X_P2	G01	18FP3P_G1G3G5	2018	Fall	Pond	Pond_3	TRUE	5	5X-P2-G1
5X_P2	G02	18FBaP_G4G5G6	2018	Fall	Basin	Basin	TRUE	5	5X-P2-G2
5X_P2	G03	18FP4P_R1P3G4	2018	Fall	Pond	Pond_4	TRUE	5	5X-P2-G3
5X_P2	G04	18FBaP_R1P4O5	2018	Fall	Basin	Basin	TRUE	5	5X-P2-G4
5X_P2	G05	18FBaP_P3R4P5	2018	Fall	Basin	Basin	TRUE	5	5X-P2-G5
5X_P2	G06	18FP3P_G2R3O5	2018	Fall	Pond	Pond_3	TRUE	5	5X-P2-G6
5X_P2	G07	18FBaP_G1P2G6	2018	Fall	Basin	Basin	TRUE	5	5X-P2-G7
5X_P2	G08	18FBaP_O4G5O6	2018	Fall	Basin	Basin	TRUE	5	5X-P2-G8
5X_P2	G09	18FP1P_R1G3G5	2018	Fall	Pond	Pond_1	TRUE	5	5X-P2-G9
5X_P2	G10	18FBaP_G2G5R6	2018	Fall	Basin	Basin	TRUE	5	5X-P2-G10
5X_P2	G11	18FP1P_P1R2P4	2018	Fall	Pond	Pond_1	TRUE	5	5X-P2-G11
5X_P2	G12	18FP1P_R2G3G4	2018	Fall	Pond	Pond_1	TRUE	5	5X-P2-G12
5X_P2	H01	18FBaP_O3G4O5	2018	Fall	Basin	Basin	TRUE	5	5X-P2-H1
5X_P2	H02	18FP1P_P2P4G6	2018	Fall	Pond	Pond_1	TRUE	5	5X-P2-H2
5X_P2	H03	18FBaP_R2P5R6	2018	Fall	Basin	Basin	TRUE	5	5X-P2-H3
5X_P2	H04	18FP4P_R1P2G4	2018	Fall	Pond	Pond_4	TRUE	5	5X-P2-H4
5X_P2	H05	18FBaP_G2P4R5	2018	Fall	Basin	Basin	TRUE	5	5X-P2-H5
5X_P2	H06	18FBaP_P1G2O6	2018	Fall	Basin	Basin	TRUE	5	5X-P2-H6
5X_P2	H07	18FP1P_P1G4R6	2018	Fall	Pond	Pond_1	TRUE	5	5X-P2-H7
5X_P2	H08	18FP4P_G4O5O6	2018	Fall	Pond	Pond_4	TRUE	5	5X-P2-H8
5X_P2	H09	18FBaP_R1P4R6	2018	Fall	Basin	Basin	TRUE	5	5X-P2-H9
5X_P2	H10	18FP1P_G1R4R5	2018	Fall	Pond	Pond_1	TRUE	5	5X-P2-H10
5X_P2	H11	18FBaP_R1G2O3	2018	Fall	Basin	Basin	TRUE	5	5X-P2-H11
5X_P2	H12	18FP4P_R2G3P6	2018	Fall	Pond	Pond_4	TRUE	5	5X-P2-H12
5X_P3	A01	18FBaP_O2P4O6	2018	Fall	Basin	Basin	TRUE	5	5X-P3-A1
5X_P3	B01	18FP1P_O1G3P4	2018	Fall	Pond	Pond_1	TRUE	5	5X-P3-B1
5X_P3	C01	18FP3P_P2G4R6	2018	Fall	Pond	Pond_3	TRUE	5	5X-P3-C1
